,Age,Q1,Q2,Q3,Q4,Q5,Q6,Q7,Q8,Q9,Q10,Q11,Q12,Q13,Q14,Q15,Q16,Q17,Q18,Q19,Q20,Q21,Q22,Q23,Q24,Q25,Q26,Q27,Q28,Q29,Q30,Q31,Q32,Q33,Q34,Q35,final_label
0,19,3.0,3.0,3.0,2.0,2.0,2.0,2.0,2.0,3.0,2.0,2.0,1.0,3.0,2.0,2.0,0.0,0.0,0.0,1.0,3.0,1.0,1.0,1.0,1.0,1.0,1.0,0,0,0,1.0,0,1.0,1,0,1,0
2,18,4.0,3.0,3.0,3.0,3.0,1.0,1.0,1.0,2.0,4.0,0.0,3.0,3.0,0.0,0.0,1.0,1.0,0.0,0.0,3.0,2.0,2.0,2.0,1.0,1.0,2.0,0,0,0,1.0,0,1.0,1,0,1,0
3,20,4.0,4.0,4.0,3.0,2.0,2.0,2.0,3.0,0.0,2.0,3.0,1.0,2.0,4.0,2.0,0.0,0.0,0.0,0.0,1.0,2.0,3.0,2.0,1.0,1.0,1.0,0,0,0,1.0,0,1.0,1,0,1,0
4,19,3.0,2.0,4.0,2.0,3.0,3.0,2.0,3.0,1.0,3.0,2.0,1.0,2.0,2.0,1.0,0.0,0.0,0.0,0.0,2.0,3.0,1.0,1.0,1.0,1.0,3.0,0,0,0,1.0,0,1.0,1,0,1,1
5,19,3.0,3.0,3.0,3.0,3.0,2.0,2.0,2.0,2.0,2.0,2.0,2.0,2.0,2.0,2.0,1.0,1.0,1.0,1.0,2.0,1.0,1.0,1.0,1.0,1.0,1.0,0,0,0,1.0,0,1.0,1,0,1,0
6,19,5.0,4.0,4.0,3.0,4.0,3.0,2.0,2.0,2.0,0.0,2.0,0.0,4.0,2.0,3.0,0.0,0.0,0.0,0.0,2.0,3.0,3.0,2.0,4.0,3.0,1.0,0,0,0,1.0,0,1.0,3,1,1,1
7,20,4.0,3.0,3.0,3.0,4.0,2.0,1.0,1.0,2.0,2.0,0.0,0.0,4.0,1.0,1.0,0.0,0.0,0.0,0.0,1.0,1.0,3.0,1.0,1.0,1.0,1.0,0,0,0,1.0,0,1.0,1,1,1,0
8,19,3.0,2.0,1.0,4.0,1.0,1.0,1.0,2.0,0.0,2.0,2.0,2.0,2.0,4.0,3.0,0.0,0.0,0.0,0.0,1.0,1.0,1.0,1.0,1.0,1.0,1.0,0,0,0,1.0,0,1.0,1,0,1,0
10,20,5.0,4.0,4.0,5.0,4.0,1.0,2.0,1.0,2.0,1.0,0.0,3.0,3.0,4.0,4.0,0.0,0.0,0.0,0.0,0.0,1.0,1.0,1.0,1.0,1.0,1.0,0,0,0,1.0,0,1.0,1,0,1,0
11,20,4.0,3.0,2.0,2.0,2.0,2.0,3.0,2.0,2.0,2.0,4.0,2.0,3.0,3.0,1.0,0.0,0.0,0.0,0.0,2.0,1.0,1.0,1.0,1.0,4.0,2.0,0,0,1,1.0,0,1.0,1,1,1,1
12,19,3.0,4.0,4.0,4.0,4.0,2.0,2.0,3.0,2.0,2.0,2.0,2.0,2.0,2.0,1.0,0.0,0.0,0.0,0.0,1.0,1.0,1.0,1.0,1.0,1.0,1.0,0,0,0,1.0,0,1.0,1,0,1,0
14,20,4.0,1.0,3.0,0.0,2.0,4.0,3.0,4.0,2.0,1.0,2.0,3.0,2.0,4.0,3.0,0.0,2.0,1.0,0.0,2.0,3.0,1.0,3.0,3.0,3.0,3.0,0,0,1,3.0,0,2.0,3,1,3,2
15,19,0.0,0.0,0.0,0.0,0.0,4.0,4.0,4.0,4.0,4.0,4.0,4.0,4.0,4.0,4.0,3.0,3.0,0.0,3.0,3.0,4.0,4.0,4.0,4.0,4.0,4.0,0,0,1,3.0,4,1.0,1,1,3,2
16,19,1.0,1.0,1.0,0.0,2.0,3.0,4.0,2.0,2.0,3.0,3.0,1.0,2.0,3.0,4.0,0.0,2.0,0.0,0.0,3.0,1.0,1.0,1.0,3.0,4.0,3.0,0,0,0,1.0,0,1.0,1,1,2,2
17,19,1.0,1.0,1.0,0.0,0.0,4.0,4.0,4.0,4.0,2.0,1.0,2.0,2.0,4.0,2.0,0.0,2.0,3.0,3.0,1.0,4.0,3.0,4.0,3.0,3.0,2.0,0,0,1,1.0,4,1.0,1,1,2,2
18,19,3.0,4.0,4.0,4.0,3.0,4.0,4.0,4.0,1.0,2.0,4.0,2.0,2.0,2.0,3.0,0.0,0.0,0.0,0.0,1.0,1.0,3.0,3.0,3.0,3.0,3.0,0,0,1,2.0,0,1.0,1,1,1,1
19,19,4.0,4.0,3.0,2.0,1.0,2.0,2.0,2.0,0.0,2.0,2.0,1.0,2.0,3.0,2.0,0.0,0.0,0.0,1.0,2.0,1.0,1.0,1.0,1.0,1.0,1.0,0,0,0,1.0,0,1.0,1,0,1,0
20,19,5.0,5.0,5.0,5.0,5.0,0.0,0.0,0.0,4.0,0.0,0.0,2.0,0.0,2.0,0.0,0.0,0.0,0.0,0.0,0.0,2.0,2.0,2.0,2.0,2.0,2.0,0,0,0,1.0,0,1.0,1,0,1,0
21,18,1.0,1.0,2.0,1.0,3.0,4.0,4.0,3.0,2.0,3.0,2.0,2.0,2.0,3.0,4.0,1.0,0.0,0.0,1.0,1.0,3.0,3.0,4.0,4.0,3.0,3.0,0,0,0,1.0,0,1.0,1,0,1,2
22,20,4.0,3.0,3.0,1.0,3.0,3.0,2.0,3.0,2.0,3.0,1.0,2.0,3.0,2.0,2.0,0.0,0.0,0.0,1.0,1.0,1.0,1.0,1.0,1.0,1.0,3.0,0,0,1,1.0,1,1.0,1,1,1,1
23,19,3.0,2.0,4.0,0.0,2.0,2.0,4.0,2.0,2.0,3.0,3.0,4.0,2.0,4.0,3.0,3.0,0.0,0.0,0.0,3.0,3.0,1.0,3.0,1.0,3.0,4.0,0,0,1,1.0,0,1.0,2,1,2,2
24,20,4.0,4.0,4.0,4.0,4.0,4.0,2.0,2.0,1.0,3.0,2.0,3.0,2.0,2.0,2.0,0.0,0.0,0.0,1.0,3.0,1.0,1.0,1.0,1.0,2.0,1.0,0,0,0,1.0,0,1.0,1,0,1,0
25,19,4.0,3.0,2.0,2.0,3.0,2.0,2.0,2.0,4.0,2.0,3.0,2.0,3.0,2.0,2.0,0.0,0.0,1.0,1.0,2.0,3.0,3.0,3.0,1.0,4.0,1.0,0,0,0,1.0,0,1.0,2,0,1,1
26,20,3.0,4.0,4.0,5.0,2.0,1.0,1.0,2.0,0.0,3.0,1.0,1.0,1.0,4.0,1.0,0.0,0.0,0.0,2.0,2.0,1.0,2.0,1.0,3.0,1.0,1.0,0,0,0,1.0,0,1.0,3,0,1,0
27,19,3.0,4.0,4.0,5.0,2.0,1.0,1.0,2.0,0.0,3.0,1.0,1.0,1.0,4.0,1.0,0.0,0.0,0.0,2.0,2.0,1.0,2.0,1.0,3.0,1.0,1.0,0,0,0,1.0,0,1.0,3,0,1,0
28,20,1.0,2.0,3.0,2.0,2.0,3.0,3.0,4.0,2.0,3.0,2.0,2.0,1.0,3.0,4.0,0.0,0.0,0.0,1.0,3.0,4.0,4.0,1.0,3.0,3.0,4.0,0,0,1,1.0,2,2.0,1,0,1,2
29,20,3.0,4.0,3.0,3.0,1.0,2.0,2.0,3.0,2.0,1.0,1.0,2.0,1.0,3.0,2.0,0.0,0.0,0.0,1.0,2.0,1.0,3.0,1.0,1.0,1.0,3.0,0,0,1,2.0,2,1.0,2,1,1,1
30,19,1.0,4.0,1.0,2.0,1.0,4.0,4.0,4.0,1.0,2.0,2.0,1.0,2.0,2.0,3.0,1.0,0.0,0.0,0.0,2.0,4.0,3.0,4.0,3.0,1.0,4.0,0,0,0,1.0,0,1.0,1,0,1,1
31,20,1.0,3.0,3.0,3.0,4.0,2.0,2.0,2.0,1.0,2.0,2.0,3.0,2.0,3.0,2.0,0.0,1.0,2.0,2.0,2.0,1.0,1.0,1.0,3.0,3.0,3.0,1,0,1,1.0,2,1.0,1,1,3,1
32,19,4.0,5.0,5.0,4.0,5.0,2.0,1.0,1.0,1.0,2.0,1.0,0.0,1.0,1.0,1.0,0.0,0.0,0.0,0.0,1.0,2.0,2.0,2.0,2.0,2.0,2.0,0,0,0,1.0,0,1.0,1,1,1,0
33,19,3.0,1.0,2.0,5.0,2.0,3.0,3.0,2.0,0.0,2.0,2.0,1.0,3.0,2.0,2.0,0.0,0.0,0.0,0.0,3.0,3.0,3.0,2.0,3.0,3.0,2.0,0,0,2,1.0,2,1.0,1,2,1,1
34,19,5.0,4.0,5.0,4.0,4.0,2.0,2.0,2.0,2.0,2.0,2.0,0.0,2.0,4.0,2.0,0.0,0.0,0.0,0.0,0.0,1.0,1.0,1.0,1.0,1.0,1.0,0,0,0,1.0,0,1.0,1,0,1,0
35,21,3.0,3.0,5.0,3.0,2.0,2.0,2.0,3.0,0.0,1.0,2.0,2.0,1.0,2.0,1.0,0.0,0.0,0.0,0.0,0.0,1.0,1.0,1.0,1.0,3.0,1.0,0,0,0,1.0,0,1.0,1,0,1,0
36,19,3.0,3.0,2.0,2.0,3.0,2.0,1.0,1.0,1.0,2.0,2.0,3.0,1.0,2.0,1.0,0.0,0.0,0.0,0.0,2.0,1.0,3.0,1.0,1.0,1.0,3.0,0,0,0,1.0,0,1.0,1,0,1,1
37,19,2.0,3.0,2.0,2.0,2.0,3.0,2.0,3.0,2.0,3.0,2.0,2.0,3.0,2.0,4.0,0.0,0.0,0.0,1.0,2.0,3.0,3.0,3.0,3.0,3.0,3.0,0,0,1,1.0,0,1.0,1,0,1,1
38,20,5.0,5.0,4.0,5.0,4.0,2.0,2.0,2.0,4.0,3.0,2.0,3.0,0.0,2.0,3.0,0.0,0.0,0.0,0.0,1.0,2.0,2.0,1.0,1.0,1.0,1.0,0,0,0,1.0,0,1.0,1,0,1,0
39,20,4.0,4.0,3.0,3.0,3.0,1.0,2.0,2.0,0.0,1.0,0.0,0.0,2.0,3.0,0.0,0.0,0.0,0.0,1.0,0.0,1.0,2.0,2.0,2.0,1.0,3.0,0,0,0,1.0,0,1.0,1,1,1,0
40,20,1.0,3.0,2.0,3.0,1.0,3.0,2.0,4.0,1.0,2.0,3.0,2.0,2.0,3.0,0.0,0.0,0.0,0.0,0.0,0.0,1.0,3.0,4.0,1.0,1.0,1.0,0,0,0,1.0,1,1.0,1,0,1,1
41,19,4.0,3.0,1.0,2.0,1.0,3.0,4.0,3.0,2.0,1.0,3.0,0.0,4.0,3.0,1.0,0.0,0.0,0.0,0.0,2.0,3.0,1.0,1.0,3.0,3.0,1.0,0,0,1,1.0,0,1.0,1,1,1,1
42,20,4.0,4.0,4.0,2.0,4.0,1.0,0.0,2.0,0.0,0.0,2.0,0.0,2.0,1.0,1.0,1.0,0.0,0.0,0.0,2.0,2.0,2.0,1.0,2.0,1.0,3.0,0,0,0,3.0,0,1.0,1,1,2,0
43,20,4.0,4.0,3.0,3.0,3.0,2.0,1.0,1.0,3.0,3.0,1.0,3.0,2.0,1.0,1.0,0.0,0.0,0.0,0.0,1.0,1.0,1.0,1.0,1.0,1.0,1.0,0,0,0,1.0,0,1.0,1,0,1,0
44,19,4.0,3.0,3.0,2.0,1.0,2.0,2.0,2.0,2.0,1.0,3.0,2.0,1.0,1.0,3.0,0.0,1.0,2.0,1.0,2.0,1.0,3.0,3.0,1.0,1.0,3.0,0,0,1,1.0,0,1.0,1,0,2,1
45,20,2.0,2.0,1.0,4.0,2.0,2.0,2.0,3.0,0.0,1.0,2.0,0.0,4.0,0.0,2.0,0.0,0.0,0.0,0.0,3.0,1.0,3.0,4.0,3.0,1.0,1.0,0,0,0,1.0,0,1.0,1,2,1,1
46,19,4.0,4.0,4.0,1.0,2.0,0.0,2.0,1.0,0.0,1.0,2.0,1.0,0.0,2.0,1.0,0.0,0.0,1.0,0.0,3.0,1.0,2.0,2.0,2.0,3.0,4.0,0,1,0,1.0,0,1.0,3,0,1,0
47,20,4.0,3.0,2.0,3.0,3.0,1.0,2.0,1.0,1.0,1.0,1.0,2.0,2.0,1.0,1.0,0.0,0.0,0.0,1.0,1.0,1.0,1.0,1.0,2.0,2.0,1.0,0,0,0,1.0,0,2.0,1,0,1,0
48,19,1.0,4.0,3.0,1.0,1.0,2.0,2.0,1.0,0.0,2.0,3.0,2.0,2.0,2.0,1.0,0.0,0.0,0.0,0.0,2.0,1.0,1.0,1.0,2.0,3.0,1.0,0,0,0,1.0,0,1.0,1,1,1,1
49,18,4.0,2.0,3.0,1.0,1.0,4.0,2.0,4.0,2.0,1.0,2.0,3.0,2.0,4.0,3.0,0.0,1.0,1.0,2.0,3.0,3.0,3.0,1.0,1.0,1.0,3.0,0,0,1,1.0,1,1.0,3,1,1,1
50,19,4.0,3.0,4.0,4.0,2.0,2.0,3.0,2.0,2.0,2.0,2.0,2.0,2.0,2.0,2.0,0.0,0.0,0.0,0.0,2.0,3.0,3.0,1.0,4.0,3.0,2.0,0,0,0,1.0,1,1.0,1,0,1,0
51,19,2.0,3.0,3.0,2.0,1.0,3.0,2.0,2.0,2.0,2.0,2.0,3.0,2.0,2.0,2.0,0.0,0.0,0.0,1.0,1.0,1.0,1.0,1.0,1.0,1.0,1.0,0,0,0,1.0,0,1.0,1,0,1,0
52,19,2.0,1.0,3.0,0.0,0.0,3.0,4.0,1.0,3.0,4.0,2.0,2.0,1.0,2.0,2.0,2.0,1.0,1.0,1.0,2.0,1.0,1.0,2.0,3.0,1.0,1.0,1,1,1,2.0,2,2.0,2,1,2,2
53,19,4.0,4.0,4.0,4.0,4.0,1.0,1.0,1.0,3.0,3.0,2.0,2.0,2.0,2.0,2.0,1.0,1.0,0.0,0.0,3.0,1.0,1.0,1.0,1.0,1.0,3.0,0,0,0,2.0,1,1.0,2,0,2,0
54,21,3.0,3.0,3.0,2.0,1.0,2.0,2.0,3.0,3.0,2.0,2.0,1.0,3.0,3.0,2.0,0.0,0.0,1.0,1.0,2.0,1.0,3.0,1.0,1.0,1.0,1.0,0,0,0,1.0,3,1.0,1,1,1,1
55,20,4.0,4.0,4.0,4.0,4.0,1.0,1.0,1.0,3.0,3.0,2.0,2.0,2.0,2.0,2.0,1.0,1.0,0.0,0.0,3.0,1.0,1.0,1.0,1.0,1.0,3.0,0,0,0,2.0,1,1.0,2,0,2,0
56,19,3.0,3.0,3.0,1.0,2.0,2.0,2.0,2.0,2.0,2.0,2.0,1.0,2.0,3.0,2.0,0.0,0.0,0.0,0.0,1.0,3.0,3.0,1.0,1.0,1.0,4.0,1,1,1,1.0,0,1.0,2,0,1,1
57,20,2.0,2.0,1.0,1.0,2.0,4.0,2.0,3.0,3.0,2.0,0.0,2.0,2.0,2.0,2.0,0.0,0.0,0.0,1.0,2.0,3.0,3.0,4.0,3.0,4.0,3.0,0,0,0,1.0,0,1.0,1,1,1,1
58,20,3.0,3.0,4.0,4.0,4.0,2.0,2.0,2.0,2.0,2.0,2.0,2.0,2.0,3.0,2.0,0.0,0.0,0.0,1.0,2.0,1.0,3.0,1.0,1.0,1.0,3.0,0,0,0,1.0,0,1.0,1,0,1,0
59,20,4.0,4.0,4.0,3.0,2.0,2.0,3.0,2.0,3.0,4.0,2.0,3.0,1.0,4.0,1.0,0.0,0.0,0.0,0.0,1.0,1.0,1.0,1.0,3.0,1.0,1.0,0,0,1,1.0,0,1.0,1,2,1,0
60,20,4.0,4.0,3.0,3.0,3.0,1.0,1.0,2.0,0.0,1.0,2.0,1.0,1.0,1.0,2.0,0.0,0.0,0.0,0.0,2.0,1.0,1.0,3.0,1.0,3.0,1.0,0,0,0,1.0,0,1.0,1,0,1,0
62,20,1.0,3.0,2.0,4.0,2.0,2.0,3.0,3.0,2.0,2.0,2.0,2.0,2.0,3.0,2.0,1.0,1.0,1.0,2.0,2.0,3.0,3.0,1.0,1.0,1.0,1.0,0,0,0,1.0,1,1.0,1,0,1,1
63,19,2.0,2.0,2.0,2.0,2.0,2.0,3.0,2.0,2.0,2.0,2.0,2.0,2.0,2.0,2.0,0.0,0.0,0.0,0.0,1.0,3.0,1.0,1.0,1.0,1.0,1.0,0,0,0,1.0,0,2.0,1,0,1,1
64,19,3.0,3.0,2.0,2.0,2.0,3.0,2.0,3.0,2.0,2.0,2.0,1.0,2.0,2.0,2.0,1.0,0.0,0.0,1.0,2.0,3.0,3.0,3.0,1.0,1.0,3.0,0,0,1,1.0,0,1.0,1,1,1,1
65,20,2.0,4.0,4.0,4.0,4.0,4.0,4.0,3.0,1.0,2.0,2.0,2.0,2.0,1.0,2.0,0.0,0.0,0.0,1.0,2.0,1.0,2.0,1.0,1.0,1.0,1.0,0,0,0,1.0,0,1.0,1,0,1,0
66,20,4.0,3.0,4.0,2.0,3.0,2.0,1.0,2.0,1.0,2.0,3.0,1.0,2.0,1.0,2.0,0.0,0.0,0.0,1.0,2.0,3.0,1.0,1.0,1.0,1.0,1.0,0,0,1,1.0,0,1.0,1,0,1,0
67,19,4.0,3.0,4.0,2.0,3.0,2.0,1.0,2.0,1.0,2.0,3.0,1.0,2.0,1.0,2.0,0.0,0.0,0.0,1.0,2.0,3.0,1.0,1.0,1.0,1.0,1.0,0,0,1,1.0,0,1.0,1,0,1,0
68,19,5.0,5.0,5.0,5.0,3.0,1.0,2.0,0.0,0.0,1.0,2.0,4.0,2.0,2.0,2.0,0.0,0.0,0.0,1.0,2.0,3.0,1.0,1.0,1.0,1.0,3.0,0,0,0,1.0,0,1.0,1,0,1,0
69,19,5.0,5.0,5.0,5.0,3.0,1.0,2.0,0.0,0.0,1.0,2.0,4.0,2.0,2.0,2.0,0.0,0.0,0.0,1.0,2.0,3.0,1.0,1.0,1.0,1.0,3.0,0,0,0,1.0,0,1.0,1,0,1,0
70,20,2.0,1.0,1.0,1.0,1.0,3.0,4.0,4.0,3.0,2.0,4.0,2.0,4.0,4.0,4.0,0.0,0.0,0.0,3.0,3.0,4.0,3.0,4.0,3.0,3.0,3.0,0,0,1,3.0,1,1.0,1,1,1,2
71,19,4.0,2.0,1.0,1.0,3.0,2.0,4.0,3.0,2.0,1.0,2.0,0.0,2.0,1.0,4.0,0.0,0.0,0.0,1.0,2.0,3.0,3.0,3.0,1.0,1.0,4.0,0,0,1,1.0,0,1.0,1,1,3,1
73,20,5.0,5.0,5.0,5.0,3.0,1.0,2.0,0.0,0.0,1.0,2.0,4.0,2.0,2.0,2.0,0.0,0.0,0.0,1.0,2.0,3.0,1.0,1.0,1.0,1.0,3.0,0,0,0,1.0,0,1.0,1,0,1,0
75,19,4.0,4.0,4.0,5.0,4.0,2.0,2.0,2.0,1.0,2.0,2.0,1.0,2.0,2.0,2.0,0.0,0.0,0.0,0.0,0.0,2.0,1.0,2.0,1.0,1.0,1.0,0,0,0,1.0,0,1.0,1,0,1,0
77,19,5.0,4.0,4.0,3.0,3.0,2.0,0.0,2.0,2.0,0.0,1.0,2.0,2.0,3.0,1.0,0.0,0.0,0.0,0.0,2.0,1.0,1.0,1.0,1.0,1.0,1.0,0,0,0,1.0,0,1.0,1,0,1,0
78,20,4.0,4.0,4.0,4.0,4.0,2.0,2.0,3.0,2.0,2.0,2.0,1.0,4.0,2.0,2.0,0.0,0.0,0.0,1.0,1.0,1.0,1.0,1.0,1.0,1.0,4.0,0,0,2,2.0,0,1.0,1,0,1,0
79,19,4.0,4.0,3.0,3.0,2.0,1.0,1.0,2.0,2.0,1.0,1.0,0.0,1.0,2.0,1.0,0.0,0.0,0.0,0.0,0.0,1.0,1.0,1.0,1.0,2.0,2.0,0,0,0,1.0,0,1.0,1,1,1,0
80,20,4.0,4.0,4.0,5.0,4.0,2.0,2.0,2.0,1.0,1.0,2.0,2.0,1.0,1.0,1.0,0.0,0.0,0.0,0.0,1.0,1.0,1.0,1.0,3.0,1.0,3.0,0,0,0,1.0,0,1.0,1,2,1,0
81,20,5.0,5.0,5.0,5.0,5.0,2.0,2.0,3.0,1.0,2.0,1.0,2.0,1.0,2.0,2.0,2.0,1.0,2.0,0.0,2.0,3.0,1.0,3.0,3.0,4.0,3.0,2,0,0,2.0,0,1.0,2,0,1,1
82,20,4.0,4.0,4.0,2.0,2.0,1.0,1.0,0.0,4.0,4.0,0.0,4.0,4.0,0.0,0.0,0.0,0.0,0.0,0.0,0.0,2.0,2.0,2.0,2.0,2.0,2.0,0,0,0,1.0,0,1.0,1,0,1,0
83,18,2.0,3.0,2.0,2.0,4.0,2.0,3.0,4.0,1.0,2.0,1.0,1.0,1.0,4.0,0.0,0.0,0.0,2.0,2.0,2.0,1.0,3.0,3.0,3.0,1.0,1.0,0,0,1,2.0,1,1.0,1,0,2,1
84,19,4.0,3.0,3.0,3.0,3.0,2.0,1.0,1.0,1.0,2.0,2.0,1.0,3.0,2.0,1.0,1.0,0.0,1.0,0.0,1.0,1.0,1.0,1.0,1.0,1.0,3.0,0,1,2,1.0,0,1.0,1,1,1,0
85,19,4.0,4.0,5.0,4.0,4.0,0.0,3.0,1.0,2.0,2.0,2.0,2.0,3.0,2.0,2.0,0.0,0.0,0.0,2.0,2.0,1.0,1.0,1.0,2.0,3.0,4.0,0,0,0,1.0,0,1.0,1,0,1,0
86,19,4.0,4.0,3.0,3.0,4.0,3.0,2.0,2.0,2.0,1.0,2.0,2.0,1.0,2.0,2.0,0.0,0.0,0.0,3.0,3.0,1.0,1.0,1.0,1.0,1.0,3.0,0,0,0,1.0,0,1.0,1,0,1,0
87,19,5.0,4.0,5.0,2.0,4.0,1.0,3.0,2.0,2.0,2.0,2.0,2.0,3.0,2.0,2.0,0.0,0.0,0.0,2.0,2.0,1.0,1.0,1.0,2.0,3.0,4.0,0,0,0,1.0,0,1.0,1,0,1,0
88,19,4.0,3.0,5.0,5.0,5.0,1.0,1.0,1.0,3.0,4.0,0.0,3.0,2.0,1.0,0.0,0.0,0.0,0.0,0.0,0.0,2.0,2.0,2.0,2.0,2.0,2.0,0,0,0,1.0,0,1.0,1,0,1,0
89,19,3.0,3.0,2.0,2.0,2.0,2.0,3.0,3.0,2.0,2.0,3.0,2.0,0.0,3.0,3.0,1.0,1.0,1.0,1.0,1.0,3.0,1.0,1.0,3.0,3.0,1.0,0,0,1,1.0,0,2.0,2,0,2,1
90,21,5.0,5.0,5.0,5.0,5.0,2.0,2.0,2.0,2.0,2.0,2.0,2.0,2.0,2.0,2.0,1.0,1.0,1.0,1.0,1.0,1.0,1.0,1.0,1.0,1.0,1.0,0,0,1,1.0,0,1.0,1,0,2,0
91,20,3.0,2.0,3.0,3.0,3.0,2.0,1.0,2.0,2.0,2.0,2.0,3.0,3.0,2.0,1.0,0.0,0.0,0.0,0.0,0.0,1.0,1.0,1.0,1.0,1.0,1.0,0,0,0,1.0,0,1.0,1,0,1,0
92,20,2.0,2.0,3.0,1.0,2.0,2.0,0.0,3.0,3.0,2.0,1.0,1.0,2.0,3.0,1.0,0.0,3.0,1.0,3.0,3.0,3.0,3.0,1.0,1.0,3.0,1.0,0,0,0,1.0,0,1.0,1,0,1,1
93,19,2.0,2.0,3.0,1.0,2.0,2.0,0.0,3.0,3.0,2.0,1.0,1.0,2.0,3.0,1.0,0.0,3.0,1.0,3.0,3.0,3.0,3.0,1.0,1.0,3.0,1.0,0,0,0,1.0,0,1.0,1,0,1,1
94,18,0.0,0.0,0.0,0.0,0.0,4.0,4.0,4.0,0.0,0.0,4.0,1.0,0.0,4.0,2.0,1.0,2.0,1.0,1.0,1.0,4.0,1.0,1.0,1.0,1.0,3.0,1,1,1,2.0,2,2.0,2,1,1,2
95,19,1.0,2.0,3.0,2.0,2.0,2.0,2.0,2.0,1.0,3.0,1.0,2.0,2.0,4.0,4.0,0.0,0.0,0.0,1.0,2.0,3.0,3.0,3.0,1.0,1.0,1.0,0,0,2,1.0,0,1.0,1,0,1,1
97,19,4.0,5.0,4.0,5.0,4.0,1.0,0.0,2.0,0.0,0.0,2.0,1.0,1.0,3.0,3.0,0.0,0.0,0.0,0.0,2.0,1.0,3.0,2.0,1.0,1.0,2.0,0,0,0,2.0,0,1.0,1,0,2,0
98,20,1.0,3.0,3.0,2.0,1.0,1.0,1.0,1.0,2.0,2.0,3.0,2.0,3.0,1.0,2.0,0.0,0.0,0.0,2.0,3.0,1.0,1.0,1.0,1.0,3.0,1.0,0,0,0,1.0,0,2.0,1,1,1,1
99,20,4.0,4.0,2.0,4.0,4.0,2.0,1.0,2.0,1.0,1.0,1.0,0.0,1.0,1.0,1.0,0.0,0.0,0.0,0.0,2.0,3.0,3.0,3.0,3.0,3.0,1.0,0,0,0,1.0,0,1.0,1,1,1,0
100,19,4.0,4.0,4.0,4.0,3.0,2.0,0.0,2.0,2.0,4.0,1.0,4.0,4.0,0.0,2.0,0.0,0.0,0.0,0.0,0.0,1.0,1.0,1.0,1.0,3.0,2.0,0,0,0,1.0,0,1.0,1,0,1,0
101,19,1.0,3.0,1.0,1.0,1.0,3.0,2.0,2.0,2.0,3.0,2.0,2.0,2.0,3.0,2.0,0.0,0.0,0.0,0.0,1.0,1.0,1.0,1.0,3.0,3.0,1.0,0,0,1,1.0,2,2.0,3,1,2,1
103,20,3.0,1.0,1.0,2.0,1.0,3.0,3.0,4.0,2.0,2.0,2.0,2.0,1.0,1.0,1.0,0.0,0.0,0.0,0.0,2.0,1.0,1.0,4.0,1.0,3.0,3.0,0,0,0,1.0,0,1.0,1,0,1,1
104,20,2.0,3.0,2.0,1.0,2.0,2.0,3.0,1.0,2.0,2.0,3.0,2.0,4.0,3.0,2.0,0.0,0.0,0.0,3.0,3.0,2.0,1.0,1.0,3.0,3.0,1.0,1,1,1,3.0,4,1.0,3,0,1,1
105,19,4.0,4.0,4.0,5.0,4.0,2.0,4.0,2.0,0.0,0.0,2.0,1.0,0.0,2.0,2.0,0.0,0.0,0.0,1.0,0.0,1.0,1.0,2.0,1.0,1.0,1.0,0,0,0,1.0,0,1.0,1,0,1,0
106,18,4.0,3.0,3.0,2.0,3.0,2.0,3.0,1.0,0.0,1.0,2.0,2.0,2.0,3.0,1.0,0.0,0.0,0.0,0.0,3.0,1.0,1.0,1.0,1.0,1.0,2.0,0,0,0,1.0,0,1.0,1,0,1,0
107,20,5.0,3.0,3.0,3.0,4.0,2.0,3.0,2.0,0.0,1.0,2.0,4.0,2.0,2.0,3.0,0.0,0.0,0.0,1.0,3.0,1.0,1.0,1.0,1.0,1.0,3.0,0,0,0,1.0,0,1.0,1,0,1,0
108,20,1.0,2.0,4.0,4.0,4.0,3.0,3.0,2.0,2.0,4.0,2.0,2.0,3.0,4.0,3.0,0.0,0.0,0.0,0.0,1.0,4.0,3.0,3.0,3.0,1.0,1.0,0,0,1,2.0,0,1.0,1,0,1,1
110,19,5.0,4.0,4.0,2.0,3.0,1.0,3.0,1.0,1.0,2.0,2.0,2.0,2.0,4.0,3.0,0.0,0.0,0.0,0.0,3.0,1.0,1.0,2.0,2.0,3.0,2.0,0,0,0,1.0,0,1.0,1,2,1,0
111,21,2.0,2.0,3.0,2.0,2.0,2.0,4.0,3.0,0.0,4.0,4.0,2.0,3.0,2.0,2.0,0.0,0.0,0.0,2.0,1.0,1.0,1.0,3.0,3.0,4.0,1.0,0,0,1,1.0,2,1.0,1,1,1,1
112,20,1.0,2.0,1.0,1.0,0.0,4.0,3.0,2.0,3.0,3.0,2.0,2.0,2.0,2.0,2.0,0.0,0.0,2.0,3.0,3.0,1.0,1.0,1.0,1.0,1.0,1.0,0,0,0,1.0,0,1.0,1,1,1,1
113,18,5.0,4.0,5.0,3.0,3.0,2.0,1.0,0.0,1.0,0.0,1.0,1.0,1.0,0.0,0.0,0.0,0.0,0.0,0.0,1.0,1.0,2.0,1.0,1.0,3.0,3.0,0,0,0,1.0,0,1.0,1,2,1,0
114,20,2.0,3.0,3.0,2.0,1.0,3.0,3.0,2.0,2.0,1.0,2.0,2.0,1.0,2.0,2.0,0.0,0.0,0.0,0.0,1.0,1.0,3.0,1.0,3.0,1.0,1.0,0,0,2,1.0,1,1.0,1,2,1,1
115,20,3.0,3.0,2.0,3.0,4.0,2.0,2.0,2.0,0.0,2.0,2.0,1.0,1.0,2.0,3.0,0.0,0.0,0.0,0.0,2.0,3.0,1.0,1.0,3.0,1.0,3.0,0,0,0,1.0,0,1.0,1,0,1,0
116,19,1.0,2.0,4.0,4.0,2.0,3.0,2.0,2.0,1.0,4.0,2.0,3.0,2.0,4.0,2.0,0.0,0.0,0.0,0.0,2.0,3.0,3.0,1.0,3.0,3.0,1.0,0,0,1,1.0,2,2.0,2,1,1,1
117,19,5.0,5.0,5.0,5.0,5.0,1.0,1.0,1.0,3.0,3.0,1.0,3.0,3.0,1.0,1.0,0.0,0.0,0.0,3.0,3.0,1.0,1.0,1.0,1.0,1.0,3.0,0,0,0,1.0,0,1.0,2,0,2,0
118,19,3.0,3.0,3.0,1.0,2.0,2.0,1.0,2.0,0.0,2.0,1.0,2.0,3.0,2.0,1.0,0.0,0.0,0.0,1.0,1.0,3.0,3.0,2.0,2.0,1.0,2.0,0,0,0,1.0,0,1.0,1,1,1,1
119,20,2.0,5.0,3.0,0.0,4.0,3.0,2.0,2.0,0.0,2.0,2.0,2.0,2.0,1.0,1.0,0.0,1.0,0.0,0.0,2.0,1.0,3.0,3.0,1.0,1.0,4.0,0,0,1,2.0,0,1.0,1,1,3,1
120,20,2.0,2.0,3.0,2.0,2.0,3.0,3.0,3.0,2.0,3.0,2.0,3.0,1.0,4.0,3.0,0.0,0.0,1.0,1.0,2.0,3.0,1.0,3.0,3.0,4.0,1.0,0,0,1,1.0,2,1.0,1,0,3,2
121,20,2.0,2.0,3.0,3.0,2.0,4.0,2.0,4.0,0.0,1.0,1.0,2.0,1.0,1.0,3.0,0.0,0.0,0.0,2.0,3.0,1.0,3.0,3.0,3.0,1.0,2.0,0,0,1,1.0,0,1.0,3,0,1,1
122,20,4.0,2.0,4.0,4.0,2.0,3.0,3.0,2.0,2.0,3.0,2.0,3.0,2.0,4.0,4.0,0.0,0.0,0.0,1.0,3.0,3.0,4.0,2.0,3.0,3.0,2.0,0,0,0,1.0,0,1.0,1,0,1,1
123,18,5.0,5.0,5.0,5.0,5.0,2.0,2.0,2.0,2.0,2.0,2.0,2.0,2.0,2.0,2.0,0.0,0.0,0.0,0.0,3.0,1.0,1.0,1.0,1.0,2.0,1.0,0,0,0,1.0,0,1.0,1,0,1,0
124,19,4.0,1.0,1.0,4.0,4.0,3.0,2.0,2.0,2.0,2.0,2.0,2.0,0.0,2.0,2.0,0.0,0.0,0.0,0.0,1.0,1.0,3.0,1.0,1.0,1.0,3.0,0,0,0,1.0,4,1.0,1,0,1,1
125,20,3.0,4.0,3.0,2.0,1.0,3.0,3.0,2.0,1.0,2.0,2.0,2.0,2.0,1.0,2.0,0.0,0.0,0.0,1.0,3.0,1.0,3.0,1.0,3.0,1.0,1.0,0,0,0,1.0,0,1.0,1,0,1,1
126,20,3.0,3.0,4.0,3.0,3.0,2.0,3.0,3.0,0.0,2.0,2.0,3.0,1.0,3.0,1.0,0.0,0.0,0.0,1.0,2.0,2.0,1.0,3.0,4.0,3.0,1.0,0,0,2,2.0,0,1.0,1,1,1,0
127,20,1.0,2.0,2.0,5.0,0.0,2.0,1.0,4.0,4.0,4.0,2.0,3.0,3.0,3.0,3.0,0.0,3.0,0.0,0.0,1.0,3.0,3.0,3.0,3.0,4.0,1.0,0,0,2,1.0,0,1.0,1,1,1,2
128,20,2.0,2.0,3.0,4.0,2.0,2.0,3.0,3.0,2.0,2.0,3.0,2.0,3.0,2.0,3.0,0.0,0.0,0.0,0.0,2.0,1.0,1.0,1.0,1.0,3.0,1.0,0,0,0,1.0,0,1.0,1,0,1,0
129,18,4.0,2.0,4.0,4.0,2.0,3.0,3.0,2.0,2.0,3.0,2.0,3.0,2.0,4.0,4.0,0.0,0.0,0.0,1.0,3.0,3.0,4.0,2.0,3.0,3.0,2.0,0,0,0,1.0,0,1.0,1,0,1,1
130,19,4.0,3.0,2.0,4.0,2.0,2.0,2.0,2.0,1.0,2.0,2.0,2.0,3.0,3.0,2.0,0.0,0.0,0.0,2.0,2.0,1.0,1.0,3.0,1.0,2.0,2.0,0,0,1,1.0,0,1.0,1,2,1,0
131,20,4.0,4.0,3.0,4.0,3.0,1.0,0.0,1.0,2.0,1.0,2.0,2.0,1.0,1.0,1.0,0.0,0.0,0.0,0.0,0.0,1.0,1.0,1.0,1.0,1.0,1.0,0,0,0,3.0,0,1.0,1,0,1,0
132,19,4.0,5.0,4.0,5.0,4.0,1.0,1.0,2.0,0.0,1.0,2.0,2.0,3.0,2.0,2.0,0.0,0.0,0.0,0.0,2.0,1.0,1.0,1.0,1.0,1.0,1.0,0,0,0,1.0,0,1.0,1,0,1,0
133,19,5.0,5.0,4.0,5.0,4.0,2.0,1.0,2.0,1.0,1.0,1.0,2.0,3.0,2.0,0.0,0.0,0.0,0.0,0.0,1.0,2.0,1.0,2.0,2.0,1.0,2.0,0,0,0,1.0,0,1.0,1,0,1,0
134,19,4.0,4.0,4.0,4.0,2.0,2.0,4.0,4.0,4.0,0.0,4.0,3.0,2.0,1.0,0.0,0.0,0.0,0.0,0.0,1.0,1.0,2.0,2.0,1.0,3.0,1.0,0,0,0,1.0,0,1.0,1,0,1,0
135,19,3.0,3.0,4.0,4.0,4.0,3.0,2.0,2.0,2.0,1.0,2.0,2.0,3.0,2.0,2.0,0.0,0.0,0.0,2.0,2.0,1.0,3.0,1.0,1.0,3.0,1.0,0,0,1,1.0,0,1.0,1,0,1,0
136,20,5.0,5.0,5.0,4.0,3.0,2.0,2.0,3.0,1.0,2.0,2.0,1.0,2.0,1.0,3.0,1.0,0.0,0.0,0.0,2.0,1.0,1.0,1.0,2.0,2.0,2.0,0,0,0,1.0,0,1.0,1,1,1,0
137,20,3.0,3.0,4.0,2.0,2.0,3.0,2.0,3.0,2.0,2.0,3.0,3.0,1.0,3.0,2.0,0.0,1.0,1.0,2.0,1.0,3.0,3.0,3.0,1.0,1.0,1.0,0,0,1,2.0,2,1.0,2,1,2,1
138,21,1.0,2.0,3.0,2.0,2.0,2.0,2.0,4.0,1.0,2.0,3.0,2.0,2.0,3.0,3.0,0.0,0.0,1.0,1.0,2.0,3.0,3.0,3.0,1.0,1.0,3.0,0,0,0,1.0,0,1.0,1,0,3,1
139,19,3.0,4.0,3.0,3.0,2.0,2.0,1.0,2.0,1.0,3.0,1.0,2.0,1.0,2.0,2.0,0.0,0.0,0.0,1.0,1.0,1.0,3.0,1.0,1.0,1.0,1.0,0,0,0,1.0,1,1.0,1,1,1,0
140,19,3.0,3.0,2.0,1.0,2.0,3.0,4.0,3.0,1.0,2.0,2.0,1.0,1.0,3.0,2.0,0.0,0.0,0.0,0.0,3.0,3.0,4.0,1.0,3.0,3.0,4.0,0,0,1,1.0,0,1.0,1,1,1,1
141,20,2.0,3.0,1.0,5.0,1.0,3.0,2.0,4.0,2.0,2.0,2.0,2.0,4.0,3.0,2.0,0.0,0.0,0.0,2.0,3.0,1.0,1.0,1.0,1.0,1.0,1.0,0,0,0,1.0,0,1.0,1,1,1,0
142,19,1.0,3.0,2.0,2.0,1.0,3.0,3.0,3.0,1.0,1.0,2.0,2.0,2.0,3.0,2.0,0.0,0.0,0.0,0.0,3.0,3.0,3.0,3.0,3.0,3.0,3.0,1,2,1,1.0,0,1.0,1,1,1,1
143,19,5.0,4.0,3.0,5.0,4.0,2.0,0.0,4.0,4.0,2.0,1.0,2.0,4.0,0.0,2.0,0.0,0.0,0.0,0.0,0.0,2.0,2.0,2.0,2.0,1.0,2.0,0,0,0,1.0,0,1.0,1,0,1,0
144,20,2.0,1.0,3.0,2.0,3.0,2.0,3.0,3.0,2.0,2.0,3.0,3.0,4.0,3.0,3.0,0.0,0.0,0.0,2.0,0.0,1.0,1.0,1.0,3.0,1.0,3.0,0,0,2,1.0,0,1.0,1,0,1,1
145,19,4.0,4.0,4.0,4.0,3.0,1.0,2.0,2.0,2.0,1.0,2.0,2.0,2.0,3.0,2.0,0.0,0.0,0.0,0.0,3.0,2.0,1.0,1.0,1.0,1.0,1.0,0,0,0,1.0,0,1.0,1,2,1,0
146,19,1.0,3.0,1.0,2.0,1.0,2.0,4.0,4.0,0.0,4.0,2.0,2.0,3.0,0.0,3.0,0.0,0.0,0.0,3.0,2.0,3.0,3.0,3.0,3.0,3.0,3.0,0,0,0,1.0,0,1.0,1,1,2,1
147,20,1.0,1.0,1.0,2.0,1.0,1.0,1.0,2.0,2.0,2.0,1.0,3.0,3.0,1.0,1.0,0.0,0.0,0.0,0.0,2.0,4.0,4.0,3.0,1.0,1.0,3.0,0,2,2,1.0,0,1.0,1,0,2,2
148,20,3.0,4.0,1.0,5.0,4.0,1.0,3.0,2.0,2.0,2.0,2.0,1.0,1.0,3.0,2.0,0.0,0.0,0.0,1.0,1.0,1.0,1.0,1.0,1.0,1.0,1.0,0,0,1,1.0,0,1.0,1,0,1,0
149,19,4.0,4.0,4.0,3.0,2.0,1.0,1.0,1.0,2.0,2.0,2.0,2.0,2.0,2.0,2.0,0.0,0.0,0.0,1.0,1.0,1.0,1.0,1.0,1.0,1.0,1.0,0,0,0,1.0,0,1.0,1,2,1,0
150,20,3.0,3.0,3.0,1.0,2.0,3.0,2.0,1.0,2.0,1.0,1.0,2.0,2.0,1.0,2.0,0.0,0.0,0.0,0.0,3.0,3.0,3.0,3.0,1.0,1.0,4.0,0,0,0,2.0,1,3.0,1,0,1,1
151,20,5.0,3.0,3.0,2.0,1.0,3.0,2.0,2.0,1.0,1.0,2.0,2.0,2.0,3.0,2.0,0.0,0.0,0.0,3.0,3.0,1.0,3.0,3.0,1.0,3.0,1.0,0,0,0,1.0,0,1.0,1,1,1,1
152,20,5.0,4.0,3.0,2.0,1.0,0.0,1.0,2.0,1.0,0.0,1.0,3.0,3.0,3.0,2.0,0.0,0.0,0.0,0.0,0.0,1.0,2.0,1.0,2.0,1.0,2.0,0,0,0,1.0,0,1.0,1,0,1,0
153,19,1.0,1.0,1.0,0.0,0.0,2.0,2.0,2.0,2.0,1.0,2.0,2.0,1.0,2.0,2.0,0.0,0.0,0.0,2.0,2.0,4.0,3.0,3.0,3.0,3.0,1.0,0,0,1,1.0,4,1.0,1,0,1,2
154,19,2.0,2.0,2.0,3.0,2.0,2.0,2.0,3.0,2.0,3.0,4.0,3.0,3.0,2.0,2.0,0.0,0.0,1.0,3.0,2.0,3.0,1.0,1.0,3.0,1.0,1.0,0,0,0,1.0,4,1.0,2,1,1,1
155,20,2.0,2.0,3.0,1.0,2.0,2.0,1.0,2.0,2.0,1.0,2.0,2.0,2.0,3.0,2.0,0.0,0.0,0.0,0.0,0.0,3.0,1.0,1.0,1.0,1.0,3.0,1,1,1,3.0,0,1.0,1,2,2,1
156,19,4.0,3.0,3.0,2.0,4.0,1.0,0.0,2.0,1.0,1.0,3.0,0.0,2.0,1.0,0.0,0.0,0.0,0.0,0.0,1.0,1.0,1.0,1.0,1.0,1.0,3.0,1,1,0,1.0,0,1.0,1,0,1,0
157,19,4.0,4.0,4.0,4.0,4.0,1.0,0.0,0.0,3.0,0.0,1.0,3.0,3.0,2.0,2.0,0.0,0.0,0.0,0.0,1.0,1.0,1.0,1.0,1.0,1.0,1.0,0,0,0,1.0,0,1.0,1,0,1,0
158,21,4.0,4.0,3.0,5.0,4.0,1.0,0.0,0.0,0.0,0.0,3.0,0.0,3.0,3.0,2.0,0.0,0.0,1.0,3.0,3.0,1.0,3.0,3.0,1.0,3.0,1.0,0,0,0,1.0,0,1.0,1,1,1,0
159,19,4.0,4.0,4.0,3.0,4.0,1.0,1.0,0.0,1.0,2.0,2.0,3.0,4.0,1.0,1.0,1.0,0.0,0.0,1.0,1.0,1.0,1.0,3.0,1.0,3.0,1.0,0,0,0,2.0,0,1.0,2,1,2,0
160,19,4.0,1.0,4.0,1.0,4.0,3.0,2.0,2.0,0.0,2.0,2.0,2.0,2.0,2.0,2.0,1.0,0.0,0.0,0.0,1.0,1.0,1.0,1.0,1.0,1.0,1.0,0,0,2,1.0,0,1.0,1,0,1,0
162,20,3.0,4.0,2.0,1.0,2.0,3.0,3.0,2.0,2.0,2.0,4.0,1.0,1.0,3.0,4.0,0.0,0.0,0.0,1.0,1.0,1.0,3.0,4.0,3.0,1.0,4.0,0,0,1,2.0,0,1.0,1,1,1,1
163,19,3.0,4.0,2.0,1.0,2.0,3.0,3.0,2.0,2.0,2.0,4.0,1.0,1.0,3.0,4.0,0.0,0.0,0.0,1.0,1.0,1.0,3.0,4.0,3.0,1.0,4.0,0,0,1,2.0,0,1.0,1,1,1,1
164,20,4.0,4.0,4.0,5.0,4.0,1.0,2.0,1.0,1.0,2.0,2.0,2.0,2.0,2.0,2.0,0.0,0.0,0.0,0.0,3.0,1.0,1.0,1.0,1.0,3.0,1.0,0,0,0,1.0,0,1.0,1,0,1,0
165,20,2.0,3.0,2.0,2.0,3.0,3.0,3.0,3.0,1.0,0.0,4.0,2.0,3.0,1.0,3.0,0.0,0.0,2.0,2.0,3.0,3.0,1.0,4.0,4.0,1.0,1.0,0,0,0,1.0,0,1.0,1,0,1,1
167,19,2.0,1.0,4.0,3.0,1.0,4.0,4.0,2.0,1.0,2.0,3.0,3.0,2.0,4.0,4.0,0.0,0.0,0.0,2.0,3.0,3.0,3.0,4.0,4.0,1.0,4.0,0,0,1,1.0,0,1.0,1,1,2,2
168,18,3.0,2.0,3.0,0.0,0.0,4.0,4.0,0.0,0.0,4.0,1.0,4.0,0.0,4.0,0.0,0.0,0.0,0.0,0.0,1.0,1.0,1.0,1.0,3.0,1.0,3.0,0,0,0,1.0,0,1.0,1,0,1,1
169,20,2.0,0.0,1.0,0.0,0.0,4.0,3.0,3.0,4.0,4.0,1.0,4.0,3.0,2.0,3.0,2.0,2.0,1.0,0.0,1.0,4.0,4.0,3.0,3.0,3.0,4.0,1,0,1,3.0,4,3.0,2,1,3,2
171,19,3.0,4.0,2.0,2.0,2.0,2.0,2.0,1.0,2.0,0.0,2.0,2.0,3.0,2.0,1.0,0.0,1.0,1.0,1.0,1.0,1.0,1.0,1.0,1.0,1.0,1.0,0,0,0,1.0,0,1.0,2,0,1,0
172,18,3.0,3.0,2.0,2.0,2.0,1.0,1.0,3.0,2.0,2.0,0.0,3.0,3.0,1.0,0.0,0.0,0.0,0.0,1.0,2.0,1.0,3.0,1.0,1.0,1.0,3.0,0,0,0,1.0,0,1.0,1,0,1,1
173,19,3.0,1.0,2.0,5.0,3.0,3.0,1.0,2.0,1.0,1.0,2.0,2.0,1.0,3.0,3.0,0.0,0.0,0.0,0.0,3.0,1.0,3.0,1.0,3.0,3.0,1.0,0,0,0,1.0,3,2.0,1,1,1,1
174,19,4.0,4.0,4.0,2.0,2.0,2.0,2.0,1.0,1.0,2.0,2.0,2.0,1.0,2.0,2.0,0.0,1.0,1.0,3.0,3.0,1.0,1.0,1.0,1.0,1.0,1.0,0,0,0,2.0,0,1.0,1,0,2,0
175,19,3.0,2.0,3.0,2.0,1.0,1.0,3.0,2.0,2.0,3.0,2.0,2.0,3.0,2.0,2.0,0.0,0.0,0.0,2.0,2.0,3.0,3.0,3.0,3.0,3.0,3.0,0,0,1,1.0,0,1.0,1,1,1,1
176,20,4.0,4.0,4.0,5.0,4.0,3.0,4.0,2.0,3.0,0.0,2.0,0.0,3.0,4.0,1.0,0.0,0.0,0.0,0.0,2.0,1.0,1.0,1.0,1.0,1.0,1.0,0,0,0,1.0,0,1.0,1,0,1,0
177,19,4.0,1.0,4.0,3.0,1.0,2.0,2.0,2.0,1.0,2.0,1.0,2.0,2.0,2.0,2.0,0.0,1.0,2.0,3.0,2.0,1.0,1.0,1.0,1.0,3.0,1.0,0,0,0,1.0,0,1.0,1,1,1,1
178,19,5.0,5.0,4.0,4.0,3.0,2.0,0.0,2.0,0.0,0.0,0.0,0.0,0.0,2.0,0.0,0.0,0.0,0.0,0.0,0.0,1.0,2.0,2.0,2.0,2.0,1.0,0,0,0,1.0,0,1.0,1,0,1,0
179,20,5.0,4.0,5.0,5.0,4.0,2.0,2.0,2.0,3.0,2.0,1.0,3.0,2.0,2.0,1.0,0.0,0.0,1.0,1.0,2.0,1.0,1.0,1.0,1.0,1.0,1.0,0,0,0,1.0,0,1.0,1,0,1,0
180,21,4.0,3.0,3.0,3.0,3.0,2.0,2.0,2.0,2.0,0.0,3.0,2.0,1.0,2.0,2.0,0.0,0.0,0.0,2.0,2.0,1.0,3.0,1.0,1.0,3.0,1.0,0,0,0,1.0,0,1.0,1,0,1,0
182,20,2.0,1.0,5.0,1.0,1.0,2.0,2.0,3.0,0.0,2.0,2.0,0.0,2.0,2.0,2.0,0.0,0.0,0.0,0.0,2.0,3.0,3.0,1.0,1.0,1.0,3.0,0,0,0,1.0,0,1.0,1,0,1,1
183,20,3.0,3.0,2.0,3.0,2.0,3.0,2.0,4.0,2.0,2.0,2.0,3.0,0.0,3.0,2.0,0.0,0.0,0.0,1.0,2.0,3.0,3.0,3.0,1.0,3.0,3.0,0,1,1,2.0,2,1.0,2,1,2,1
184,20,2.0,1.0,1.0,3.0,0.0,4.0,3.0,2.0,1.0,0.0,3.0,1.0,1.0,2.0,2.0,0.0,0.0,0.0,1.0,3.0,3.0,3.0,3.0,3.0,3.0,1.0,1,1,0,2.0,0,1.0,1,0,1,2
185,19,3.0,3.0,3.0,4.0,3.0,2.0,3.0,2.0,2.0,2.0,2.0,1.0,3.0,3.0,3.0,0.0,1.0,1.0,1.0,2.0,1.0,3.0,1.0,1.0,1.0,1.0,0,0,0,1.0,0,1.0,2,1,3,0
186,18,1.0,1.0,0.0,1.0,0.0,2.0,3.0,4.0,2.0,3.0,3.0,2.0,4.0,2.0,3.0,0.0,2.0,0.0,0.0,1.0,1.0,3.0,4.0,3.0,4.0,2.0,0,0,0,3.0,3,2.0,1,1,1,2
187,19,4.0,4.0,1.0,1.0,4.0,2.0,2.0,3.0,2.0,3.0,2.0,2.0,2.0,3.0,4.0,0.0,0.0,0.0,2.0,2.0,1.0,2.0,2.0,2.0,3.0,1.0,0,0,1,1.0,0,1.0,1,1,2,1
188,19,2.0,2.0,4.0,3.0,3.0,2.0,1.0,3.0,1.0,2.0,2.0,1.0,3.0,2.0,4.0,2.0,2.0,0.0,1.0,2.0,1.0,3.0,1.0,3.0,1.0,1.0,0,0,1,1.0,0,1.0,1,1,2,1
190,20,1.0,1.0,1.0,3.0,1.0,2.0,2.0,1.0,2.0,3.0,1.0,1.0,3.0,0.0,2.0,2.0,1.0,0.0,2.0,2.0,1.0,1.0,1.0,1.0,2.0,1.0,0,0,0,1.0,0,1.0,1,0,1,1
191,20,4.0,3.0,3.0,4.0,2.0,1.0,2.0,1.0,1.0,1.0,3.0,0.0,2.0,1.0,1.0,0.0,0.0,0.0,1.0,2.0,1.0,1.0,1.0,2.0,3.0,1.0,0,0,2,2.0,0,1.0,2,1,1,0
192,21,4.0,4.0,4.0,2.0,3.0,1.0,3.0,1.0,2.0,2.0,1.0,2.0,2.0,1.0,1.0,0.0,0.0,0.0,0.0,1.0,1.0,1.0,1.0,1.0,3.0,3.0,0,0,0,1.0,0,1.0,1,2,1,0
193,19,4.0,5.0,1.0,4.0,4.0,2.0,0.0,0.0,2.0,2.0,0.0,2.0,2.0,0.0,1.0,0.0,0.0,0.0,0.0,1.0,1.0,1.0,1.0,1.0,1.0,1.0,0,0,0,1.0,0,1.0,1,0,1,0
194,20,2.0,2.0,1.0,3.0,1.0,2.0,2.0,2.0,2.0,2.0,2.0,2.0,2.0,3.0,1.0,0.0,1.0,3.0,1.0,3.0,2.0,3.0,1.0,3.0,3.0,2.0,0,1,0,1.0,0,1.0,1,1,1,1
195,19,1.0,2.0,2.0,0.0,1.0,4.0,2.0,4.0,2.0,4.0,2.0,0.0,3.0,4.0,4.0,1.0,2.0,3.0,3.0,3.0,3.0,4.0,1.0,3.0,3.0,3.0,0,0,1,1.0,4,1.0,1,0,3,2
197,21,3.0,3.0,3.0,1.0,1.0,4.0,3.0,4.0,3.0,2.0,2.0,0.0,2.0,2.0,2.0,0.0,2.0,0.0,0.0,2.0,1.0,3.0,1.0,1.0,1.0,3.0,0,0,2,2.0,0,1.0,2,0,1,1
198,19,5.0,4.0,3.0,5.0,5.0,3.0,2.0,2.0,3.0,1.0,2.0,2.0,2.0,3.0,2.0,0.0,0.0,0.0,0.0,1.0,2.0,2.0,2.0,2.0,1.0,1.0,0,0,0,1.0,0,1.0,1,0,1,0
199,20,4.0,1.0,4.0,4.0,3.0,4.0,3.0,2.0,0.0,1.0,2.0,4.0,1.0,3.0,0.0,0.0,1.0,2.0,1.0,2.0,2.0,3.0,2.0,2.0,2.0,3.0,0,0,1,1.0,0,1.0,1,1,1,0
200,20,1.0,4.0,2.0,3.0,1.0,2.0,2.0,1.0,3.0,3.0,1.0,0.0,2.0,1.0,1.0,0.0,0.0,0.0,3.0,1.0,3.0,1.0,3.0,2.0,1.0,3.0,0,0,0,2.0,0,1.0,1,1,1,1
201,20,3.0,3.0,4.0,4.0,3.0,2.0,1.0,1.0,0.0,2.0,0.0,2.0,2.0,2.0,3.0,0.0,0.0,0.0,2.0,3.0,3.0,3.0,1.0,2.0,1.0,3.0,0,0,0,2.0,0,1.0,1,1,1,0
203,20,1.0,5.0,5.0,5.0,4.0,0.0,0.0,0.0,2.0,3.0,0.0,0.0,4.0,0.0,2.0,0.0,1.0,0.0,0.0,0.0,1.0,1.0,3.0,1.0,1.0,1.0,0,0,0,1.0,0,1.0,1,0,1,0
204,20,5.0,5.0,5.0,5.0,5.0,0.0,0.0,0.0,2.0,4.0,0.0,4.0,4.0,0.0,0.0,2.0,1.0,2.0,3.0,3.0,3.0,3.0,3.0,1.0,1.0,4.0,1,1,1,2.0,4,3.0,2,1,2,1
205,21,4.0,2.0,2.0,2.0,2.0,3.0,2.0,3.0,2.0,2.0,2.0,2.0,2.0,3.0,3.0,0.0,2.0,0.0,2.0,1.0,1.0,3.0,3.0,3.0,3.0,3.0,1,1,1,1.0,0,1.0,1,0,2,1
206,20,5.0,5.0,4.0,4.0,4.0,2.0,2.0,2.0,2.0,2.0,2.0,2.0,2.0,2.0,2.0,1.0,1.0,1.0,1.0,1.0,1.0,1.0,1.0,1.0,1.0,1.0,0,0,0,2.0,2,2.0,2,0,2,0
207,18,4.0,3.0,3.0,3.0,2.0,2.0,2.0,2.0,0.0,2.0,2.0,1.0,2.0,2.0,2.0,0.0,0.0,0.0,0.0,1.0,1.0,1.0,1.0,1.0,3.0,1.0,0,0,0,1.0,0,1.0,1,0,1,0
208,20,3.0,5.0,3.0,4.0,5.0,4.0,3.0,4.0,0.0,0.0,2.0,0.0,2.0,1.0,3.0,0.0,0.0,0.0,0.0,0.0,1.0,1.0,1.0,1.0,1.0,1.0,0,0,0,1.0,0,1.0,1,2,1,0
209,20,4.0,4.0,3.0,4.0,3.0,2.0,1.0,1.0,3.0,3.0,2.0,2.0,1.0,1.0,1.0,0.0,0.0,0.0,1.0,1.0,3.0,1.0,1.0,1.0,1.0,1.0,0,0,1,1.0,0,1.0,1,0,1,0
210,19,3.0,2.0,3.0,2.0,3.0,2.0,2.0,2.0,2.0,2.0,2.0,2.0,2.0,2.0,2.0,2.0,1.0,2.0,2.0,2.0,3.0,1.0,1.0,1.0,1.0,1.0,0,0,2,2.0,0,2.0,2,0,2,1
211,21,2.0,3.0,3.0,2.0,2.0,3.0,4.0,4.0,2.0,1.0,3.0,3.0,2.0,4.0,3.0,2.0,0.0,0.0,3.0,3.0,3.0,3.0,3.0,4.0,4.0,4.0,0,0,1,3.0,1,1.0,1,1,2,2
212,20,2.0,1.0,2.0,2.0,2.0,3.0,3.0,2.0,3.0,4.0,4.0,0.0,1.0,4.0,4.0,2.0,2.0,2.0,2.0,2.0,3.0,3.0,4.0,3.0,4.0,3.0,1,0,1,3.0,2,2.0,3,1,2,2
213,20,2.0,1.0,3.0,2.0,2.0,4.0,3.0,4.0,3.0,2.0,1.0,2.0,2.0,3.0,4.0,0.0,0.0,0.0,0.0,3.0,3.0,4.0,1.0,3.0,1.0,1.0,0,0,1,1.0,1,1.0,1,1,1,1
214,20,4.0,4.0,3.0,4.0,4.0,1.0,0.0,2.0,1.0,1.0,0.0,1.0,2.0,1.0,0.0,0.0,0.0,0.0,0.0,1.0,1.0,1.0,1.0,1.0,1.0,3.0,0,0,0,1.0,0,1.0,1,1,1,0
215,20,3.0,2.0,1.0,0.0,1.0,1.0,4.0,2.0,3.0,4.0,2.0,2.0,3.0,3.0,2.0,2.0,0.0,2.0,2.0,3.0,3.0,3.0,3.0,3.0,3.0,3.0,0,0,1,1.0,0,1.0,1,1,1,2
216,20,4.0,3.0,3.0,1.0,1.0,3.0,3.0,2.0,0.0,1.0,2.0,3.0,2.0,3.0,2.0,2.0,0.0,0.0,1.0,3.0,1.0,3.0,3.0,3.0,3.0,1.0,0,0,1,2.0,2,3.0,3,1,2,1
217,22,4.0,4.0,4.0,4.0,3.0,3.0,2.0,2.0,1.0,1.0,3.0,2.0,2.0,1.0,2.0,0.0,0.0,0.0,1.0,2.0,1.0,1.0,1.0,2.0,1.0,1.0,0,0,0,1.0,0,1.0,1,0,1,0
218,20,3.0,4.0,2.0,2.0,1.0,2.0,1.0,2.0,2.0,3.0,2.0,1.0,3.0,3.0,3.0,0.0,0.0,0.0,2.0,0.0,1.0,3.0,1.0,3.0,3.0,1.0,0,0,0,1.0,0,1.0,1,1,2,1
219,20,5.0,2.0,3.0,2.0,4.0,4.0,4.0,3.0,2.0,2.0,4.0,0.0,0.0,4.0,4.0,3.0,3.0,2.0,2.0,3.0,4.0,4.0,4.0,4.0,4.0,1.0,0,0,0,2.0,1,2.0,1,0,2,1
221,20,1.0,3.0,1.0,3.0,1.0,3.0,2.0,2.0,1.0,2.0,3.0,0.0,1.0,3.0,2.0,0.0,0.0,0.0,0.0,1.0,1.0,3.0,2.0,1.0,1.0,1.0,0,0,0,1.0,0,1.0,1,0,1,1
222,20,5.0,3.0,3.0,3.0,4.0,3.0,3.0,4.0,1.0,3.0,4.0,0.0,0.0,4.0,4.0,3.0,3.0,3.0,2.0,3.0,4.0,3.0,1.0,1.0,1.0,4.0,1,1,0,2.0,0,1.0,2,0,1,0
223,25,3.0,1.0,1.0,2.0,1.0,4.0,2.0,2.0,2.0,4.0,4.0,4.0,3.0,2.0,3.0,0.0,1.0,0.0,0.0,2.0,3.0,3.0,3.0,3.0,1.0,1.0,1,1,0,1.0,0,1.0,1,0,1,1
226,20,4.0,3.0,4.0,4.0,4.0,2.0,2.0,3.0,2.0,2.0,2.0,2.0,2.0,2.0,2.0,0.0,0.0,0.0,2.0,2.0,1.0,1.0,1.0,3.0,1.0,1.0,0,0,1,1.0,0,1.0,1,0,1,0
227,20,3.0,3.0,2.0,4.0,3.0,2.0,3.0,3.0,1.0,0.0,2.0,1.0,2.0,2.0,1.0,0.0,0.0,0.0,1.0,1.0,1.0,1.0,1.0,1.0,3.0,3.0,0,0,0,1.0,0,1.0,1,1,1,0
229,19,5.0,4.0,5.0,5.0,5.0,2.0,0.0,2.0,0.0,3.0,1.0,3.0,1.0,0.0,1.0,0.0,0.0,0.0,0.0,1.0,1.0,3.0,2.0,2.0,1.0,1.0,0,0,0,1.0,0,1.0,1,0,1,0
231,19,3.0,4.0,4.0,4.0,3.0,2.0,2.0,2.0,2.0,3.0,2.0,2.0,2.0,2.0,2.0,0.0,0.0,0.0,0.0,2.0,1.0,1.0,3.0,1.0,3.0,3.0,0,0,0,1.0,0,1.0,1,0,1,0
232,20,5.0,3.0,3.0,3.0,3.0,3.0,2.0,2.0,1.0,2.0,2.0,0.0,1.0,1.0,1.0,0.0,0.0,1.0,3.0,2.0,3.0,1.0,1.0,1.0,3.0,1.0,0,0,1,1.0,0,1.0,1,0,1,0
234,20,4.0,4.0,4.0,4.0,2.0,2.0,2.0,1.0,2.0,1.0,2.0,1.0,1.0,2.0,0.0,0.0,0.0,0.0,1.0,2.0,1.0,3.0,1.0,1.0,1.0,1.0,0,0,0,1.0,0,1.0,1,1,1,0
235,19,4.0,3.0,4.0,4.0,5.0,1.0,1.0,1.0,2.0,2.0,1.0,3.0,2.0,2.0,1.0,0.0,0.0,0.0,1.0,1.0,1.0,3.0,2.0,1.0,1.0,1.0,0,0,0,1.0,0,1.0,1,0,1,0
236,20,4.0,2.0,2.0,1.0,2.0,2.0,3.0,2.0,2.0,1.0,3.0,3.0,1.0,2.0,1.0,0.0,0.0,0.0,2.0,3.0,1.0,3.0,3.0,1.0,3.0,1.0,0,0,1,1.0,0,2.0,2,1,1,1
237,21,1.0,1.0,1.0,2.0,1.0,4.0,4.0,4.0,3.0,1.0,4.0,2.0,0.0,2.0,4.0,3.0,2.0,1.0,0.0,2.0,3.0,4.0,3.0,4.0,3.0,1.0,0,0,1,1.0,3,1.0,1,0,3,2
238,21,4.0,3.0,3.0,1.0,4.0,1.0,2.0,3.0,1.0,2.0,3.0,2.0,2.0,0.0,2.0,0.0,0.0,0.0,2.0,3.0,1.0,1.0,2.0,3.0,1.0,3.0,0,0,0,1.0,0,1.0,1,0,1,0
239,21,3.0,4.0,3.0,4.0,2.0,2.0,2.0,2.0,1.0,3.0,2.0,3.0,1.0,1.0,2.0,0.0,0.0,0.0,0.0,0.0,1.0,2.0,3.0,1.0,1.0,1.0,0,0,0,1.0,1,1.0,1,0,1,0
240,20,4.0,3.0,4.0,4.0,4.0,4.0,4.0,4.0,2.0,2.0,4.0,3.0,2.0,3.0,4.0,0.0,0.0,2.0,2.0,3.0,3.0,4.0,4.0,3.0,3.0,3.0,0,0,1,1.0,1,1.0,3,1,1,1
241,20,4.0,3.0,3.0,1.0,2.0,2.0,3.0,2.0,1.0,2.0,4.0,2.0,2.0,1.0,1.0,0.0,0.0,0.0,2.0,3.0,1.0,1.0,3.0,2.0,2.0,1.0,0,0,1,1.0,0,1.0,1,0,1,1
242,20,2.0,2.0,2.0,3.0,3.0,3.0,3.0,3.0,1.0,1.0,3.0,2.0,2.0,2.0,2.0,0.0,0.0,0.0,3.0,3.0,3.0,3.0,1.0,1.0,3.0,1.0,0,0,1,1.0,4,1.0,1,1,1,1
243,21,0.0,0.0,0.0,0.0,0.0,3.0,0.0,0.0,4.0,4.0,0.0,4.0,4.0,4.0,3.0,3.0,3.0,2.0,3.0,3.0,1.0,2.0,2.0,1.0,2.0,4.0,1,1,1,2.0,4,3.0,1,1,2,2
244,20,4.0,2.0,4.0,2.0,3.0,2.0,2.0,2.0,1.0,1.0,3.0,1.0,2.0,3.0,2.0,0.0,0.0,0.0,1.0,2.0,1.0,3.0,4.0,1.0,3.0,3.0,0,2,1,1.0,0,1.0,1,0,1,0
245,21,3.0,1.0,3.0,3.0,2.0,2.0,2.0,3.0,2.0,1.0,2.0,1.0,2.0,3.0,3.0,0.0,0.0,0.0,0.0,2.0,3.0,1.0,1.0,1.0,1.0,3.0,0,0,0,1.0,0,1.0,1,1,1,1
246,19,3.0,2.0,4.0,3.0,2.0,3.0,2.0,3.0,0.0,1.0,4.0,2.0,1.0,4.0,4.0,0.0,0.0,0.0,2.0,3.0,3.0,3.0,3.0,3.0,3.0,1.0,0,0,0,1.0,0,1.0,1,0,1,1
247,20,2.0,3.0,2.0,4.0,3.0,2.0,2.0,2.0,1.0,2.0,2.0,3.0,2.0,1.0,1.0,0.0,0.0,0.0,1.0,1.0,1.0,1.0,1.0,1.0,1.0,2.0,0,0,0,1.0,0,1.0,1,1,1,0
249,20,4.0,4.0,4.0,4.0,3.0,2.0,1.0,1.0,1.0,2.0,2.0,1.0,2.0,2.0,2.0,0.0,0.0,0.0,1.0,2.0,1.0,1.0,3.0,1.0,1.0,3.0,0,0,0,1.0,1,1.0,1,1,1,0
250,21,2.0,1.0,4.0,3.0,2.0,2.0,3.0,1.0,1.0,3.0,1.0,0.0,2.0,4.0,1.0,0.0,0.0,0.0,3.0,3.0,3.0,1.0,3.0,1.0,1.0,4.0,0,0,1,2.0,0,1.0,1,0,1,1
251,22,4.0,4.0,3.0,2.0,4.0,3.0,3.0,3.0,1.0,2.0,2.0,1.0,2.0,3.0,2.0,0.0,0.0,0.0,2.0,3.0,3.0,3.0,1.0,4.0,2.0,2.0,0,0,1,1.0,0,1.0,3,0,1,0
252,21,1.0,2.0,1.0,2.0,3.0,2.0,3.0,2.0,1.0,3.0,2.0,1.0,3.0,3.0,3.0,0.0,0.0,0.0,1.0,2.0,1.0,3.0,3.0,3.0,3.0,1.0,0,0,0,1.0,0,1.0,1,1,1,1
253,20,5.0,1.0,1.0,3.0,2.0,3.0,2.0,2.0,0.0,1.0,2.0,3.0,2.0,3.0,2.0,2.0,0.0,0.0,1.0,2.0,1.0,1.0,4.0,1.0,3.0,1.0,0,0,1,1.0,0,1.0,1,1,1,1
256,19,4.0,5.0,3.0,4.0,5.0,2.0,1.0,1.0,1.0,1.0,2.0,0.0,1.0,0.0,2.0,0.0,0.0,1.0,2.0,1.0,3.0,2.0,1.0,1.0,2.0,1.0,0,0,2,1.0,0,1.0,1,1,1,0
257,21,2.0,2.0,3.0,4.0,2.0,4.0,4.0,4.0,1.0,3.0,4.0,0.0,2.0,4.0,4.0,0.0,0.0,0.0,0.0,3.0,3.0,3.0,3.0,3.0,3.0,4.0,0,0,0,1.0,2,1.0,1,0,1,2
258,21,4.0,4.0,4.0,4.0,4.0,1.0,1.0,1.0,2.0,1.0,1.0,1.0,1.0,2.0,1.0,0.0,0.0,0.0,1.0,1.0,1.0,1.0,1.0,1.0,1.0,3.0,0,0,0,1.0,0,1.0,1,0,1,0
259,21,5.0,2.0,1.0,5.0,3.0,2.0,2.0,4.0,1.0,1.0,3.0,1.0,1.0,2.0,3.0,3.0,2.0,2.0,3.0,3.0,4.0,4.0,4.0,4.0,4.0,3.0,0,0,0,3.0,0,1.0,1,1,2,1
260,21,5.0,2.0,1.0,5.0,3.0,2.0,2.0,4.0,1.0,1.0,3.0,1.0,1.0,2.0,3.0,3.0,2.0,2.0,3.0,3.0,4.0,4.0,4.0,4.0,4.0,3.0,0,0,0,3.0,0,1.0,1,1,2,1
261,19,4.0,3.0,4.0,5.0,4.0,2.0,3.0,0.0,3.0,3.0,1.0,1.0,2.0,1.0,1.0,0.0,0.0,0.0,1.0,1.0,1.0,1.0,1.0,1.0,1.0,3.0,0,0,0,1.0,0,1.0,1,0,1,0
262,20,5.0,5.0,5.0,5.0,5.0,0.0,0.0,0.0,4.0,4.0,0.0,4.0,4.0,0.0,0.0,0.0,0.0,0.0,0.0,0.0,2.0,2.0,2.0,2.0,2.0,2.0,0,0,0,1.0,0,1.0,1,0,1,0
263,20,3.0,3.0,3.0,2.0,2.0,2.0,0.0,2.0,1.0,1.0,2.0,1.0,2.0,0.0,1.0,0.0,0.0,0.0,2.0,2.0,1.0,1.0,1.0,3.0,1.0,1.0,0,0,0,1.0,0,1.0,1,0,1,0
264,20,3.0,3.0,3.0,2.0,2.0,2.0,3.0,2.0,1.0,1.0,3.0,1.0,1.0,2.0,2.0,0.0,0.0,0.0,0.0,2.0,1.0,1.0,1.0,1.0,1.0,1.0,0,0,0,1.0,0,1.0,1,0,1,0
265,20,4.0,4.0,3.0,5.0,3.0,2.0,1.0,1.0,1.0,2.0,2.0,2.0,1.0,4.0,2.0,0.0,0.0,0.0,2.0,2.0,1.0,1.0,1.0,2.0,1.0,1.0,0,0,0,1.0,0,1.0,1,0,1,0
266,20,4.0,4.0,4.0,5.0,3.0,2.0,1.0,1.0,1.0,2.0,2.0,2.0,1.0,4.0,2.0,0.0,0.0,0.0,1.0,2.0,1.0,1.0,1.0,2.0,1.0,1.0,0,0,0,1.0,0,1.0,1,0,1,0
267,20,5.0,5.0,5.0,3.0,3.0,3.0,4.0,4.0,1.0,0.0,2.0,2.0,2.0,2.0,2.0,0.0,0.0,2.0,3.0,2.0,3.0,1.0,1.0,1.0,1.0,2.0,1,0,1,3.0,3,2.0,3,1,3,1
268,20,5.0,5.0,4.0,5.0,5.0,1.0,1.0,1.0,0.0,1.0,2.0,4.0,1.0,3.0,1.0,0.0,0.0,0.0,0.0,0.0,2.0,2.0,2.0,1.0,1.0,1.0,0,0,0,1.0,0,1.0,1,0,1,0
270,21,3.0,2.0,2.0,3.0,1.0,3.0,2.0,1.0,2.0,1.0,2.0,2.0,3.0,3.0,2.0,0.0,0.0,0.0,1.0,2.0,1.0,3.0,4.0,3.0,3.0,3.0,0,1,0,1.0,1,1.0,1,1,1,1
271,22,5.0,5.0,5.0,5.0,5.0,2.0,1.0,2.0,1.0,3.0,2.0,2.0,2.0,2.0,2.0,2.0,2.0,2.0,2.0,2.0,3.0,3.0,1.0,1.0,1.0,1.0,0,0,0,1.0,1,1.0,1,0,1,0
272,21,4.0,2.0,3.0,4.0,3.0,2.0,2.0,2.0,2.0,2.0,2.0,2.0,2.0,2.0,2.0,0.0,0.0,0.0,2.0,3.0,3.0,3.0,4.0,3.0,1.0,1.0,0,0,0,2.0,0,1.0,1,0,3,0
273,20,4.0,5.0,4.0,5.0,1.0,2.0,2.0,0.0,3.0,2.0,2.0,2.0,2.0,2.0,2.0,0.0,0.0,0.0,1.0,1.0,1.0,1.0,1.0,1.0,1.0,2.0,0,0,2,1.0,0,1.0,1,1,1,0
274,21,4.0,4.0,4.0,4.0,3.0,0.0,0.0,0.0,1.0,4.0,0.0,1.0,2.0,2.0,0.0,0.0,0.0,0.0,0.0,0.0,1.0,1.0,1.0,1.0,1.0,1.0,0,0,0,1.0,0,1.0,1,0,1,0
275,20,4.0,3.0,3.0,3.0,3.0,2.0,2.0,3.0,0.0,3.0,2.0,3.0,3.0,3.0,2.0,0.0,0.0,0.0,1.0,2.0,1.0,1.0,1.0,3.0,1.0,3.0,0,0,0,1.0,0,2.0,3,1,1,0
276,20,3.0,3.0,3.0,4.0,4.0,2.0,3.0,3.0,2.0,2.0,2.0,3.0,2.0,2.0,2.0,0.0,0.0,1.0,1.0,1.0,1.0,3.0,1.0,1.0,1.0,1.0,0,0,0,1.0,0,1.0,1,0,1,0
277,21,5.0,3.0,3.0,5.0,5.0,4.0,3.0,4.0,2.0,2.0,0.0,2.0,4.0,3.0,0.0,0.0,0.0,0.0,0.0,1.0,2.0,1.0,2.0,2.0,2.0,2.0,0,0,0,1.0,0,1.0,1,0,1,0
278,21,5.0,5.0,3.0,2.0,5.0,0.0,0.0,2.0,3.0,2.0,0.0,2.0,4.0,1.0,0.0,0.0,0.0,0.0,0.0,2.0,1.0,1.0,2.0,2.0,1.0,3.0,0,0,0,1.0,0,1.0,1,0,1,0
279,20,3.0,2.0,2.0,2.0,0.0,4.0,2.0,3.0,2.0,3.0,1.0,2.0,2.0,2.0,2.0,0.0,2.0,3.0,3.0,1.0,1.0,1.0,1.0,1.0,1.0,3.0,0,0,0,1.0,2,2.0,2,1,2,1
280,20,3.0,4.0,3.0,4.0,4.0,2.0,2.0,3.0,2.0,2.0,2.0,3.0,2.0,1.0,1.0,1.0,0.0,0.0,0.0,1.0,1.0,1.0,1.0,1.0,1.0,1.0,0,0,0,1.0,0,1.0,1,0,1,0
281,21,5.0,5.0,5.0,5.0,5.0,0.0,0.0,0.0,0.0,0.0,4.0,0.0,0.0,4.0,4.0,0.0,0.0,0.0,0.0,0.0,2.0,2.0,2.0,2.0,2.0,2.0,0,0,0,1.0,0,1.0,1,0,1,0
282,20,4.0,4.0,4.0,4.0,4.0,2.0,2.0,2.0,1.0,1.0,2.0,1.0,1.0,2.0,2.0,2.0,0.0,0.0,0.0,1.0,1.0,1.0,1.0,1.0,1.0,1.0,0,0,0,1.0,0,1.0,1,0,1,0
283,19,1.0,0.0,0.0,2.0,1.0,3.0,4.0,4.0,2.0,3.0,2.0,2.0,3.0,3.0,4.0,0.0,2.0,0.0,1.0,3.0,3.0,4.0,4.0,4.0,4.0,4.0,0,1,1,3.0,4,3.0,1,1,3,2
284,20,4.0,3.0,3.0,2.0,2.0,2.0,1.0,2.0,2.0,1.0,4.0,1.0,2.0,2.0,1.0,0.0,0.0,0.0,1.0,3.0,1.0,1.0,3.0,1.0,4.0,3.0,0,0,0,1.0,0,1.0,1,0,1,1
286,20,3.0,2.0,3.0,2.0,2.0,4.0,4.0,4.0,1.0,2.0,3.0,2.0,2.0,3.0,3.0,0.0,0.0,0.0,0.0,1.0,1.0,3.0,3.0,3.0,3.0,3.0,0,0,1,2.0,4,2.0,1,1,2,2
287,19,5.0,4.0,4.0,4.0,4.0,2.0,1.0,2.0,1.0,1.0,2.0,1.0,2.0,1.0,1.0,0.0,0.0,0.0,1.0,1.0,1.0,1.0,1.0,1.0,1.0,1.0,0,0,0,1.0,0,1.0,1,1,1,0
288,21,4.0,4.0,5.0,5.0,4.0,0.0,2.0,1.0,0.0,2.0,0.0,1.0,1.0,2.0,1.0,0.0,0.0,0.0,0.0,2.0,1.0,1.0,1.0,1.0,1.0,1.0,0,0,0,1.0,0,1.0,1,0,1,0
289,20,3.0,4.0,4.0,3.0,3.0,2.0,2.0,2.0,2.0,2.0,1.0,2.0,1.0,2.0,1.0,0.0,0.0,0.0,0.0,1.0,1.0,1.0,1.0,1.0,1.0,1.0,0,0,0,1.0,0,1.0,3,0,1,0
290,19,3.0,4.0,3.0,3.0,4.0,3.0,3.0,3.0,1.0,1.0,1.0,3.0,3.0,3.0,3.0,0.0,1.0,0.0,0.0,3.0,3.0,3.0,1.0,3.0,3.0,3.0,0,0,1,2.0,4,1.0,1,0,1,1
291,20,5.0,5.0,5.0,5.0,5.0,0.0,0.0,0.0,0.0,1.0,0.0,1.0,0.0,1.0,4.0,0.0,0.0,0.0,0.0,2.0,2.0,2.0,2.0,2.0,2.0,3.0,0,0,0,1.0,0,1.0,1,0,1,0
292,20,5.0,4.0,4.0,5.0,4.0,0.0,1.0,1.0,0.0,1.0,1.0,0.0,1.0,0.0,0.0,0.0,0.0,0.0,0.0,1.0,1.0,2.0,1.0,1.0,1.0,1.0,0,0,0,1.0,0,1.0,1,0,1,0
293,20,5.0,5.0,5.0,5.0,5.0,0.0,2.0,1.0,1.0,4.0,1.0,2.0,2.0,3.0,2.0,0.0,0.0,0.0,0.0,0.0,2.0,1.0,1.0,1.0,1.0,2.0,0,0,0,1.0,0,1.0,1,2,1,0
294,20,2.0,1.0,1.0,4.0,0.0,4.0,3.0,4.0,1.0,0.0,3.0,2.0,3.0,2.0,2.0,0.0,0.0,0.0,0.0,3.0,4.0,4.0,3.0,3.0,1.0,4.0,0,0,0,2.0,0,1.0,2,1,3,1
297,20,4.0,5.0,4.0,4.0,4.0,2.0,0.0,0.0,2.0,1.0,2.0,3.0,1.0,1.0,2.0,0.0,0.0,0.0,1.0,1.0,3.0,1.0,3.0,1.0,1.0,3.0,0,0,0,1.0,0,1.0,1,1,1,0
298,21,4.0,3.0,3.0,3.0,5.0,2.0,0.0,2.0,3.0,2.0,1.0,2.0,2.0,2.0,0.0,0.0,0.0,0.0,1.0,2.0,1.0,1.0,1.0,1.0,3.0,3.0,0,0,0,1.0,0,1.0,1,0,1,0
299,21,1.0,2.0,3.0,2.0,2.0,2.0,3.0,3.0,2.0,3.0,2.0,2.0,2.0,3.0,3.0,0.0,0.0,0.0,3.0,3.0,3.0,3.0,1.0,3.0,3.0,1.0,0,1,1,1.0,4,1.0,1,0,1,1
300,23,3.0,4.0,3.0,4.0,1.0,2.0,2.0,3.0,2.0,2.0,1.0,1.0,2.0,1.0,2.0,0.0,0.0,0.0,1.0,2.0,1.0,1.0,3.0,1.0,1.0,1.0,0,0,0,1.0,0,1.0,2,1,1,0
301,19,3.0,3.0,2.0,0.0,1.0,3.0,4.0,3.0,2.0,3.0,2.0,0.0,2.0,3.0,3.0,0.0,0.0,0.0,2.0,2.0,1.0,3.0,1.0,3.0,3.0,1.0,0,0,0,2.0,1,1.0,2,1,2,1
302,21,2.0,4.0,2.0,4.0,2.0,4.0,1.0,2.0,1.0,2.0,1.0,1.0,2.0,4.0,3.0,0.0,0.0,0.0,1.0,2.0,1.0,1.0,1.0,1.0,1.0,2.0,0,0,0,2.0,0,1.0,1,1,1,1
305,21,2.0,4.0,2.0,4.0,2.0,4.0,1.0,2.0,1.0,2.0,1.0,1.0,2.0,4.0,3.0,0.0,0.0,0.0,1.0,2.0,1.0,1.0,1.0,1.0,1.0,2.0,0,0,0,2.0,0,1.0,1,1,1,1
306,21,3.0,1.0,2.0,3.0,3.0,3.0,2.0,2.0,1.0,2.0,3.0,2.0,1.0,4.0,2.0,0.0,0.0,0.0,1.0,2.0,1.0,2.0,1.0,3.0,2.0,3.0,0,0,0,1.0,0,1.0,1,0,1,1
307,20,5.0,5.0,4.0,3.0,4.0,1.0,1.0,1.0,2.0,1.0,1.0,3.0,3.0,1.0,1.0,0.0,0.0,0.0,0.0,1.0,1.0,1.0,1.0,1.0,1.0,1.0,0,0,0,1.0,0,1.0,1,0,1,0
308,21,3.0,3.0,2.0,2.0,3.0,2.0,2.0,3.0,2.0,2.0,2.0,2.0,2.0,1.0,2.0,0.0,0.0,0.0,2.0,3.0,1.0,1.0,1.0,1.0,1.0,1.0,0,0,0,1.0,0,1.0,1,0,1,0
309,20,1.0,1.0,1.0,0.0,0.0,4.0,4.0,4.0,2.0,3.0,4.0,3.0,0.0,4.0,4.0,2.0,2.0,2.0,3.0,3.0,3.0,3.0,4.0,4.0,4.0,3.0,0,0,1,2.0,2,2.0,2,1,2,2
310,20,1.0,1.0,1.0,4.0,2.0,2.0,1.0,3.0,2.0,2.0,3.0,0.0,2.0,2.0,1.0,0.0,0.0,0.0,1.0,2.0,1.0,1.0,1.0,3.0,1.0,3.0,0,0,0,1.0,0,1.0,1,0,1,1
311,20,3.0,1.0,4.0,1.0,3.0,2.0,2.0,2.0,2.0,1.0,4.0,0.0,1.0,4.0,2.0,0.0,0.0,0.0,0.0,2.0,1.0,1.0,4.0,1.0,3.0,1.0,0,0,1,1.0,1,2.0,1,0,3,1
312,22,5.0,4.0,4.0,3.0,2.0,2.0,2.0,2.0,2.0,3.0,2.0,3.0,1.0,3.0,3.0,0.0,2.0,0.0,3.0,3.0,3.0,3.0,3.0,3.0,4.0,1.0,0,0,0,1.0,0,1.0,1,0,1,0
313,21,3.0,4.0,3.0,4.0,4.0,2.0,2.0,0.0,2.0,2.0,1.0,4.0,2.0,1.0,1.0,0.0,1.0,1.0,0.0,0.0,1.0,2.0,2.0,2.0,1.0,2.0,0,0,0,1.0,0,1.0,1,0,1,0
314,20,4.0,5.0,3.0,3.0,3.0,3.0,3.0,4.0,0.0,3.0,3.0,3.0,2.0,3.0,1.0,0.0,0.0,0.0,0.0,1.0,3.0,3.0,3.0,1.0,3.0,2.0,0,0,1,1.0,0,1.0,1,1,1,0
315,19,3.0,3.0,4.0,4.0,4.0,2.0,3.0,2.0,2.0,1.0,2.0,3.0,2.0,1.0,3.0,0.0,0.0,0.0,1.0,1.0,1.0,1.0,3.0,1.0,1.0,1.0,0,0,1,1.0,0,1.0,1,0,1,0
316,19,1.0,2.0,3.0,4.0,2.0,3.0,2.0,2.0,2.0,3.0,2.0,3.0,2.0,3.0,2.0,0.0,0.0,0.0,2.0,2.0,4.0,4.0,1.0,3.0,3.0,4.0,0,0,0,1.0,0,1.0,1,1,1,1
317,19,1.0,1.0,0.0,2.0,0.0,4.0,4.0,4.0,0.0,2.0,4.0,0.0,4.0,4.0,4.0,2.0,3.0,3.0,1.0,3.0,3.0,3.0,3.0,3.0,2.0,4.0,1,1,1,2.0,4,1.0,1,1,3,2
318,19,3.0,4.0,3.0,4.0,4.0,2.0,2.0,0.0,2.0,2.0,1.0,2.0,2.0,2.0,2.0,0.0,0.0,1.0,0.0,0.0,1.0,2.0,1.0,2.0,1.0,1.0,0,0,0,1.0,0,1.0,1,0,1,0
319,20,4.0,4.0,5.0,3.0,3.0,3.0,2.0,3.0,2.0,1.0,2.0,3.0,1.0,3.0,3.0,1.0,2.0,0.0,0.0,2.0,1.0,3.0,3.0,3.0,4.0,1.0,0,1,1,2.0,1,2.0,1,1,3,1
320,20,4.0,4.0,3.0,4.0,3.0,2.0,2.0,3.0,2.0,3.0,1.0,3.0,3.0,2.0,2.0,0.0,0.0,0.0,2.0,2.0,1.0,4.0,1.0,1.0,1.0,1.0,0,0,1,1.0,0,1.0,1,1,1,0
321,20,5.0,5.0,5.0,5.0,5.0,0.0,0.0,0.0,0.0,0.0,0.0,0.0,0.0,0.0,0.0,0.0,0.0,0.0,0.0,0.0,2.0,2.0,2.0,2.0,2.0,2.0,0,0,0,1.0,0,1.0,1,0,1,0
322,20,5.0,5.0,5.0,5.0,5.0,0.0,0.0,0.0,0.0,0.0,0.0,0.0,0.0,0.0,0.0,0.0,0.0,0.0,0.0,0.0,2.0,2.0,2.0,2.0,2.0,2.0,0,0,0,1.0,0,1.0,1,0,1,0
323,21,4.0,1.0,3.0,0.0,3.0,4.0,3.0,1.0,1.0,4.0,2.0,4.0,4.0,3.0,2.0,0.0,0.0,0.0,3.0,3.0,3.0,1.0,1.0,3.0,2.0,4.0,0,0,0,1.0,4,1.0,1,1,1,2
324,21,3.0,0.0,1.0,2.0,1.0,4.0,4.0,4.0,2.0,3.0,2.0,0.0,2.0,4.0,2.0,0.0,0.0,0.0,0.0,2.0,3.0,4.0,3.0,3.0,4.0,2.0,1,1,1,2.0,2,1.0,2,1,2,2
325,21,3.0,2.0,1.0,1.0,3.0,2.0,1.0,3.0,1.0,1.0,2.0,3.0,1.0,2.0,0.0,0.0,1.0,3.0,0.0,2.0,3.0,3.0,3.0,3.0,3.0,4.0,0,0,1,1.0,0,1.0,3,0,3,1
326,20,4.0,5.0,4.0,5.0,4.0,4.0,2.0,2.0,2.0,2.0,2.0,1.0,0.0,3.0,4.0,1.0,0.0,0.0,1.0,3.0,1.0,3.0,1.0,3.0,1.0,1.0,0,0,0,1.0,0,1.0,1,1,1,0
327,20,1.0,3.0,2.0,0.0,2.0,3.0,2.0,3.0,2.0,3.0,2.0,2.0,4.0,3.0,2.0,0.0,0.0,0.0,3.0,3.0,4.0,3.0,3.0,1.0,4.0,4.0,0,0,1,1.0,1,2.0,1,0,1,1
328,21,3.0,0.0,1.0,2.0,1.0,4.0,4.0,4.0,2.0,3.0,2.0,0.0,2.0,4.0,2.0,0.0,0.0,0.0,0.0,2.0,3.0,4.0,3.0,3.0,4.0,2.0,1,1,1,2.0,2,1.0,1,1,2,2
329,20,3.0,3.0,4.0,4.0,5.0,0.0,2.0,0.0,2.0,4.0,0.0,2.0,2.0,0.0,0.0,0.0,0.0,0.0,0.0,0.0,1.0,1.0,1.0,1.0,1.0,1.0,0,0,0,2.0,0,1.0,1,0,1,0
330,21,2.0,2.0,2.0,4.0,1.0,2.0,3.0,4.0,3.0,2.0,2.0,2.0,2.0,2.0,2.0,0.0,1.0,0.0,3.0,3.0,1.0,3.0,3.0,3.0,3.0,1.0,0,0,0,1.0,1,3.0,1,1,2,1
331,21,3.0,4.0,4.0,5.0,5.0,4.0,2.0,2.0,0.0,1.0,1.0,2.0,2.0,1.0,1.0,0.0,0.0,0.0,0.0,1.0,1.0,1.0,1.0,2.0,2.0,1.0,0,0,0,1.0,0,1.0,1,0,1,0
332,21,2.0,0.0,1.0,2.0,2.0,4.0,4.0,3.0,2.0,1.0,4.0,0.0,0.0,4.0,4.0,0.0,0.0,1.0,3.0,3.0,1.0,3.0,3.0,3.0,3.0,3.0,0,0,1,2.0,3,2.0,1,0,2,2
334,21,3.0,4.0,2.0,1.0,3.0,1.0,2.0,2.0,1.0,1.0,1.0,2.0,3.0,2.0,1.0,0.0,0.0,0.0,0.0,2.0,1.0,1.0,1.0,1.0,3.0,3.0,0,0,0,1.0,0,1.0,1,0,1,1
335,20,4.0,3.0,4.0,5.0,4.0,1.0,0.0,1.0,1.0,0.0,2.0,3.0,0.0,3.0,1.0,0.0,0.0,0.0,1.0,1.0,1.0,1.0,2.0,2.0,1.0,2.0,0,0,0,1.0,0,1.0,1,0,1,0
338,20,3.0,3.0,3.0,3.0,4.0,2.0,1.0,2.0,1.0,1.0,1.0,1.0,2.0,1.0,0.0,0.0,0.0,0.0,0.0,2.0,1.0,1.0,1.0,1.0,1.0,1.0,0,0,0,1.0,0,1.0,1,0,1,0
339,20,1.0,1.0,2.0,3.0,4.0,3.0,2.0,3.0,2.0,2.0,2.0,0.0,0.0,1.0,1.0,0.0,0.0,0.0,0.0,1.0,3.0,3.0,1.0,3.0,1.0,1.0,0,0,1,1.0,0,1.0,1,0,2,1
341,19,3.0,4.0,4.0,4.0,4.0,0.0,2.0,3.0,2.0,2.0,1.0,2.0,2.0,2.0,0.0,0.0,0.0,0.0,2.0,2.0,1.0,1.0,1.0,2.0,1.0,2.0,0,0,0,1.0,0,1.0,1,0,1,0
344,21,4.0,4.0,3.0,2.0,4.0,1.0,1.0,2.0,1.0,1.0,1.0,1.0,1.0,2.0,1.0,0.0,0.0,0.0,0.0,1.0,2.0,1.0,1.0,3.0,2.0,3.0,0,0,0,3.0,0,1.0,1,1,1,0
345,20,2.0,3.0,4.0,3.0,2.0,0.0,2.0,0.0,0.0,1.0,2.0,4.0,1.0,3.0,0.0,0.0,0.0,0.0,1.0,3.0,1.0,1.0,1.0,3.0,1.0,2.0,0,0,0,2.0,0,1.0,1,1,1,0
347,20,2.0,3.0,4.0,3.0,2.0,0.0,2.0,0.0,0.0,1.0,2.0,4.0,1.0,3.0,0.0,0.0,0.0,0.0,1.0,3.0,1.0,1.0,1.0,3.0,1.0,2.0,0,0,0,2.0,0,1.0,1,1,1,0
350,20,4.0,3.0,3.0,2.0,4.0,1.0,1.0,1.0,1.0,1.0,1.0,1.0,3.0,1.0,1.0,0.0,0.0,0.0,1.0,1.0,1.0,1.0,3.0,3.0,2.0,1.0,0,0,1,2.0,2,1.0,1,1,1,0
351,20,5.0,4.0,4.0,4.0,3.0,0.0,0.0,1.0,0.0,0.0,1.0,0.0,1.0,0.0,0.0,0.0,0.0,0.0,0.0,1.0,1.0,2.0,2.0,2.0,1.0,1.0,0,1,0,1.0,0,1.0,1,0,1,0
352,19,1.0,1.0,3.0,1.0,0.0,2.0,2.0,2.0,1.0,3.0,1.0,4.0,2.0,3.0,0.0,0.0,0.0,0.0,2.0,2.0,1.0,4.0,4.0,4.0,3.0,3.0,0,0,1,1.0,0,1.0,1,1,1,2
353,20,4.0,5.0,4.0,4.0,5.0,0.0,1.0,1.0,0.0,1.0,0.0,0.0,1.0,2.0,0.0,0.0,0.0,0.0,0.0,1.0,1.0,1.0,2.0,2.0,1.0,1.0,0,0,0,1.0,0,1.0,1,0,1,0
354,20,1.0,1.0,3.0,3.0,3.0,2.0,1.0,3.0,2.0,1.0,2.0,2.0,2.0,1.0,2.0,0.0,0.0,0.0,0.0,1.0,1.0,1.0,1.0,1.0,1.0,4.0,0,0,2,1.0,0,1.0,1,1,1,1
356,21,3.0,4.0,4.0,5.0,4.0,0.0,0.0,0.0,4.0,4.0,0.0,4.0,2.0,1.0,2.0,0.0,0.0,0.0,0.0,0.0,1.0,2.0,1.0,1.0,1.0,1.0,0,0,0,1.0,0,1.0,1,0,1,0
357,19,2.0,2.0,3.0,2.0,2.0,3.0,2.0,1.0,1.0,3.0,2.0,0.0,2.0,3.0,2.0,2.0,0.0,0.0,1.0,2.0,1.0,1.0,1.0,3.0,3.0,3.0,0,0,2,2.0,1,2.0,1,2,1,1
358,20,2.0,2.0,1.0,2.0,2.0,2.0,2.0,3.0,2.0,2.0,2.0,2.0,2.0,3.0,3.0,1.0,0.0,0.0,2.0,2.0,1.0,1.0,3.0,1.0,3.0,1.0,0,1,1,1.0,4,1.0,1,1,1,1
359,21,4.0,4.0,5.0,5.0,5.0,0.0,0.0,1.0,0.0,1.0,0.0,0.0,1.0,0.0,0.0,0.0,0.0,0.0,0.0,0.0,1.0,2.0,2.0,1.0,1.0,1.0,0,0,0,1.0,0,1.0,1,0,1,0
360,20,3.0,2.0,3.0,5.0,2.0,4.0,2.0,3.0,3.0,1.0,3.0,2.0,4.0,4.0,3.0,0.0,2.0,1.0,3.0,3.0,3.0,3.0,1.0,3.0,3.0,4.0,0,0,1,1.0,0,1.0,1,2,1,1
361,20,4.0,4.0,4.0,3.0,2.0,3.0,2.0,1.0,2.0,2.0,2.0,1.0,0.0,3.0,3.0,0.0,0.0,0.0,2.0,1.0,1.0,1.0,1.0,1.0,1.0,1.0,0,0,0,1.0,0,1.0,1,1,1,0
362,20,4.0,4.0,4.0,4.0,1.0,2.0,2.0,2.0,2.0,2.0,2.0,3.0,1.0,4.0,4.0,0.0,0.0,0.0,0.0,2.0,3.0,1.0,1.0,1.0,1.0,3.0,0,0,0,1.0,0,1.0,1,0,1,0
367,20,3.0,2.0,3.0,1.0,0.0,3.0,2.0,1.0,1.0,2.0,1.0,2.0,1.0,3.0,2.0,0.0,0.0,0.0,1.0,2.0,3.0,3.0,1.0,1.0,1.0,3.0,1,1,0,1.0,0,1.0,1,0,1,1
368,20,2.0,1.0,1.0,1.0,1.0,1.0,0.0,1.0,4.0,3.0,1.0,2.0,3.0,3.0,3.0,0.0,0.0,0.0,1.0,2.0,3.0,3.0,3.0,3.0,4.0,3.0,0,0,1,3.0,1,1.0,1,1,1,2
369,18,0.0,2.0,2.0,2.0,1.0,4.0,4.0,3.0,4.0,2.0,3.0,3.0,4.0,4.0,3.0,0.0,0.0,0.0,0.0,2.0,1.0,3.0,3.0,3.0,4.0,3.0,0,0,1,1.0,2,1.0,1,1,1,2
371,18,0.0,0.0,4.0,3.0,2.0,4.0,1.0,3.0,3.0,4.0,0.0,3.0,1.0,1.0,1.0,0.0,3.0,0.0,3.0,0.0,4.0,3.0,1.0,4.0,3.0,1.0,0,0,0,2.0,4,3.0,3,1,3,1
372,21,0.0,5.0,4.0,4.0,2.0,2.0,4.0,4.0,4.0,1.0,2.0,3.0,3.0,0.0,0.0,2.0,1.0,2.0,2.0,3.0,2.0,4.0,2.0,1.0,4.0,3.0,0,0,1,2.0,0,2.0,1,1,3,1
373,20,0.0,5.0,4.0,4.0,2.0,2.0,4.0,4.0,4.0,1.0,2.0,3.0,3.0,0.0,0.0,2.0,1.0,2.0,2.0,3.0,2.0,4.0,2.0,1.0,4.0,3.0,0,0,1,2.0,0,2.0,1,1,3,1
374,21,0.0,5.0,4.0,4.0,2.0,2.0,4.0,4.0,4.0,1.0,2.0,3.0,3.0,0.0,0.0,2.0,1.0,2.0,2.0,3.0,2.0,4.0,2.0,1.0,4.0,3.0,0,0,1,2.0,0,2.0,1,1,3,1
376,20,4.0,5.0,0.0,5.0,5.0,2.0,1.0,1.0,4.0,4.0,3.0,4.0,0.0,2.0,3.0,2.0,1.0,2.0,0.0,2.0,2.0,3.0,4.0,4.0,3.0,1.0,0,0,1,1.0,4,1.0,1,0,1,1
377,22,0.0,1.0,4.0,2.0,0.0,0.0,2.0,3.0,2.0,2.0,2.0,0.0,4.0,3.0,0.0,1.0,0.0,0.0,2.0,3.0,4.0,1.0,3.0,3.0,1.0,4.0,0,0,1,1.0,3,3.0,3,0,2,2
378,23,4.0,4.0,5.0,4.0,4.0,2.0,3.0,0.0,4.0,2.0,0.0,3.0,1.0,4.0,4.0,0.0,1.0,0.0,1.0,0.0,1.0,1.0,4.0,2.0,3.0,2.0,0,0,1,3.0,2,2.0,2,1,1,1
379,20,3.0,3.0,2.0,1.0,2.0,4.0,2.0,2.0,3.0,4.0,2.0,0.0,4.0,2.0,2.0,0.0,0.0,0.0,3.0,3.0,4.0,4.0,3.0,1.0,1.0,1.0,0,0,1,1.0,0,2.0,2,1,2,1
380,22,1.0,5.0,1.0,4.0,4.0,0.0,1.0,2.0,4.0,3.0,2.0,1.0,3.0,0.0,4.0,0.0,0.0,2.0,0.0,1.0,3.0,4.0,3.0,4.0,2.0,1.0,0,0,0,2.0,2,3.0,3,0,1,1
382,21,4.0,1.0,0.0,1.0,4.0,0.0,0.0,1.0,1.0,2.0,4.0,1.0,3.0,2.0,1.0,3.0,1.0,2.0,1.0,3.0,3.0,2.0,3.0,3.0,3.0,1.0,0,0,0,2.0,3,1.0,3,1,3,1
383,18,3.0,0.0,4.0,1.0,3.0,3.0,3.0,0.0,0.0,3.0,2.0,0.0,2.0,2.0,1.0,1.0,1.0,3.0,0.0,1.0,4.0,2.0,1.0,1.0,2.0,2.0,0,0,1,1.0,1,3.0,1,1,1,1
384,24,4.0,4.0,2.0,4.0,4.0,3.0,1.0,1.0,3.0,0.0,2.0,1.0,4.0,3.0,4.0,2.0,2.0,2.0,1.0,1.0,3.0,1.0,3.0,2.0,3.0,1.0,0,0,1,2.0,4,1.0,3,0,1,1
385,19,1.0,5.0,0.0,3.0,2.0,1.0,3.0,2.0,3.0,3.0,3.0,3.0,1.0,3.0,1.0,0.0,2.0,2.0,3.0,0.0,4.0,4.0,4.0,4.0,1.0,3.0,0,0,0,2.0,4,1.0,1,0,2,1
386,22,4.0,0.0,5.0,0.0,4.0,4.0,2.0,2.0,2.0,4.0,1.0,1.0,2.0,4.0,3.0,1.0,1.0,1.0,0.0,3.0,1.0,2.0,2.0,3.0,3.0,1.0,0,0,0,3.0,3,3.0,3,1,1,1
387,22,4.0,1.0,1.0,5.0,0.0,2.0,4.0,1.0,0.0,3.0,2.0,0.0,1.0,1.0,2.0,0.0,0.0,3.0,2.0,0.0,2.0,1.0,4.0,1.0,1.0,4.0,0,0,0,2.0,0,2.0,2,1,1,1
388,22,5.0,4.0,3.0,2.0,3.0,1.0,0.0,0.0,4.0,1.0,0.0,1.0,0.0,3.0,0.0,0.0,1.0,1.0,1.0,2.0,1.0,3.0,2.0,1.0,1.0,1.0,0,0,0,1.0,0,1.0,1,0,3,0
389,22,1.0,5.0,5.0,4.0,2.0,2.0,1.0,2.0,3.0,0.0,1.0,2.0,4.0,2.0,1.0,0.0,2.0,0.0,2.0,1.0,4.0,2.0,4.0,2.0,3.0,2.0,0,0,1,1.0,0,1.0,3,1,1,1
390,20,5.0,2.0,1.0,4.0,4.0,3.0,2.0,1.0,0.0,3.0,2.0,4.0,0.0,2.0,1.0,3.0,3.0,3.0,3.0,2.0,1.0,2.0,3.0,4.0,4.0,3.0,0,0,0,3.0,4,3.0,1,1,2,1
391,19,0.0,0.0,3.0,3.0,2.0,2.0,2.0,2.0,3.0,1.0,0.0,0.0,4.0,4.0,3.0,2.0,2.0,2.0,2.0,2.0,3.0,3.0,1.0,3.0,3.0,2.0,0,0,1,1.0,0,2.0,3,0,2,1
392,23,4.0,2.0,5.0,1.0,4.0,2.0,1.0,0.0,0.0,2.0,3.0,2.0,0.0,3.0,0.0,0.0,0.0,3.0,0.0,1.0,2.0,4.0,2.0,2.0,1.0,1.0,0,0,0,1.0,4,3.0,1,1,1,0
393,24,3.0,4.0,0.0,5.0,2.0,0.0,2.0,2.0,3.0,4.0,0.0,1.0,4.0,0.0,4.0,2.0,2.0,0.0,1.0,2.0,1.0,3.0,1.0,1.0,1.0,4.0,0,0,0,2.0,0,1.0,3,0,3,1
394,21,4.0,4.0,3.0,3.0,3.0,2.0,1.0,3.0,2.0,1.0,2.0,0.0,1.0,2.0,2.0,0.0,0.0,3.0,0.0,1.0,3.0,4.0,2.0,1.0,2.0,3.0,0,0,0,3.0,0,1.0,1,1,3,1
395,22,0.0,0.0,3.0,5.0,5.0,1.0,0.0,4.0,2.0,2.0,2.0,2.0,0.0,0.0,4.0,2.0,3.0,0.0,3.0,2.0,1.0,1.0,1.0,3.0,1.0,2.0,0,0,0,1.0,4,3.0,3,1,2,1
396,20,4.0,2.0,1.0,2.0,2.0,2.0,1.0,3.0,2.0,4.0,0.0,3.0,4.0,2.0,1.0,3.0,1.0,1.0,1.0,2.0,4.0,4.0,1.0,2.0,1.0,1.0,0,0,1,3.0,1,2.0,2,1,2,1
397,20,2.0,4.0,2.0,5.0,1.0,4.0,3.0,2.0,1.0,2.0,4.0,1.0,2.0,4.0,0.0,2.0,3.0,0.0,3.0,3.0,2.0,2.0,2.0,1.0,3.0,1.0,0,0,0,1.0,0,3.0,2,1,1,1
398,23,3.0,3.0,3.0,5.0,3.0,4.0,0.0,3.0,0.0,0.0,1.0,0.0,2.0,4.0,4.0,1.0,0.0,2.0,0.0,3.0,2.0,3.0,4.0,3.0,3.0,1.0,0,0,1,1.0,1,3.0,3,0,2,1
399,18,5.0,5.0,0.0,1.0,2.0,0.0,1.0,2.0,1.0,3.0,2.0,2.0,3.0,2.0,1.0,0.0,0.0,0.0,1.0,0.0,1.0,1.0,3.0,2.0,1.0,3.0,0,0,1,1.0,2,3.0,3,0,2,1
400,23,2.0,0.0,3.0,4.0,2.0,3.0,3.0,2.0,0.0,0.0,3.0,3.0,1.0,2.0,2.0,1.0,0.0,1.0,0.0,2.0,1.0,1.0,1.0,1.0,2.0,1.0,0,0,0,1.0,4,3.0,2,0,2,1
401,24,4.0,2.0,1.0,4.0,2.0,1.0,0.0,1.0,4.0,4.0,2.0,2.0,4.0,0.0,2.0,0.0,1.0,0.0,0.0,0.0,4.0,4.0,3.0,4.0,3.0,2.0,0,0,0,2.0,0,2.0,1,0,3,1
402,21,5.0,0.0,3.0,1.0,4.0,3.0,2.0,3.0,2.0,0.0,4.0,3.0,1.0,1.0,1.0,1.0,3.0,3.0,2.0,2.0,1.0,1.0,1.0,1.0,4.0,4.0,0,0,0,3.0,4,3.0,3,1,2,1
403,20,1.0,4.0,0.0,0.0,3.0,0.0,4.0,3.0,3.0,4.0,3.0,1.0,4.0,0.0,2.0,2.0,3.0,1.0,1.0,3.0,2.0,1.0,4.0,3.0,2.0,1.0,0,0,0,3.0,2,1.0,3,1,1,1
404,19,2.0,0.0,1.0,4.0,2.0,1.0,1.0,4.0,2.0,0.0,2.0,0.0,2.0,2.0,4.0,0.0,0.0,0.0,0.0,1.0,1.0,3.0,1.0,1.0,1.0,3.0,0,0,1,1.0,1,1.0,1,0,2,1
405,23,4.0,3.0,0.0,5.0,5.0,4.0,2.0,0.0,2.0,2.0,4.0,1.0,2.0,1.0,3.0,3.0,0.0,2.0,0.0,3.0,2.0,1.0,3.0,2.0,3.0,1.0,0,0,0,2.0,1,3.0,3,1,2,1
406,19,4.0,4.0,4.0,4.0,4.0,2.0,2.0,1.0,2.0,3.0,1.0,3.0,3.0,1.0,1.0,0.0,1.0,0.0,0.0,1.0,1.0,2.0,2.0,2.0,2.0,1.0,0,0,0,1.0,2,1.0,1,0,1,0
407,20,3.0,3.0,4.0,3.0,3.0,0.0,3.0,2.0,0.0,2.0,2.0,0.0,1.0,0.0,1.0,0.0,0.0,0.0,0.0,3.0,1.0,2.0,1.0,1.0,1.0,2.0,0,0,0,1.0,0,1.0,1,0,1,0
408,26,2.0,2.0,0.0,1.0,0.0,2.0,4.0,2.0,1.0,2.0,4.0,0.0,2.0,0.0,2.0,0.0,0.0,0.0,3.0,3.0,1.0,3.0,3.0,4.0,4.0,1.0,0,0,1,1.0,0,1.0,1,1,1,1
